Ticker,symbol,company_name,sector,sub_industry,daily_mean,daily_vol,annual_return_est,annual_vol_est,min_daily_return,max_daily_return
SNDK,SNDK,Sandisk,Information Technology,"Technology Hardware, Storage & Peripherals",0.01330553499725455,0.06267134133101751,3.352994819308147,0.9948767009562963,-0.2130161544360215,0.28649384891801044
GEV,GEV,GE Vernova,Industrials,Heavy Electrical Equipment,0.004596144122519424,0.03349764090795589,1.158228318874895,0.531758564098771,-0.21520117537067351,0.1562449572097715
CVNA,CVNA,Carvana,Consumer Discretionary,Automotive Retail,0.003447629809030752,0.06568553604240326,0.8688027118757495,1.042725558613013,-0.42921014874334573,0.5602060501517252
PLTR,PLTR,Palantir Technologies,Information Technology,Application Software,0.00288894708851707,0.044085099594079274,0.7280146663063017,0.6998292602966898,-0.21308012675418742,0.30801445797701255
NVDA,NVDA,Nvidia,Information Technology,Semiconductors,0.00272908606841385,0.03210450194351851,0.6877296892402902,0.5096431686488387,-0.1845209080211172,0.2436962024556799
APP,APP,AppLovin,Information Technology,Application Software,0.0026990202493209123,0.04891157551013026,0.6801531028288699,0.7764471901929713,-0.20120866825169537,0.4626519983128876
SMCI,SMCI,Supermicro,Information Technology,"Technology Hardware, Storage & Peripherals",0.002684164372045159,0.047090705198837526,0.6764094217553801,0.7475417701126832,-0.33322507060101236,0.3593629514175434
VRT,VRT,Vertiv,Industrials,Electrical Components & Equipment,0.002553314184703631,0.035321874603379357,0.643435174545315,0.5607173762469,-0.3673990340150036,0.29249910925339817
FIX,FIX,Comfort Systems USA,Industrials,Construction & Engineering,0.002475791569892091,0.028807936420773866,0.623899475612807,0.457311813325967,-0.2571301777746845,0.22370878550498308
CEG,CEG,Constellation Energy,Utilities,Electric Utilities,0.002386637060633957,0.031138165043484517,0.6014325392797572,0.4943030459276686,-0.20849640564306693,0.2515995430624107
TSLA,TSLA,"Tesla, Inc.",Consumer Discretionary,Automobile Manufacturers,0.0023803160454889207,0.0399293429690821,0.5998396434632081,0.63385866906238,-0.21062824320390794,0.22689989839624536
LITE,LITE,Lumentum,Information Technology,Communications Equipment,0.002321089126164307,0.035362262510483924,0.5849144597934054,0.5613585143959384,-0.22456877171216771,0.23566574243899696
AMD,AMD,Advanced Micro Devices,Information Technology,Semiconductors,0.002178107599326359,0.03437058969978317,0.5488831150302425,0.5456161965615867,-0.17314443047898198,0.23820480081192907
LRCX,LRCX,Lam Research,Information Technology,Semiconductor Materials & Equipment,0.0020948306997316977,0.03022935895074348,0.5278973363323878,0.4798761964594301,-0.18427671567061232,0.203130158952886
STX,STX,Seagate Technology,Information Technology,"Technology Hardware, Storage & Peripherals",0.0020858131896156953,0.026836944433627854,0.5256249237831552,0.42602328552143076,-0.16358736791274464,0.19144066597267795
KLAC,KLAC,KLA Corporation,Information Technology,Semiconductor Materials & Equipment,0.0020455147850245454,0.028164595422126352,0.5154697258261854,0.4470990915821674,-0.15241198110690135,0.1731414165049061
MU,MU,Micron Technology,Information Technology,Semiconductors,0.0020409806438056017,0.031808629993682856,0.5143271222390117,0.5049463470537293,-0.19818581795819856,0.18812942345260986
WDC,WDC,Western Digital,Information Technology,"Technology Hardware, Storage & Peripherals",0.0020335249850259697,0.03241510080559499,0.5124482962265444,0.5145737727281628,-0.20444757937692215,0.17748047323504634
PWR,PWR,Quanta Services,Industrials,Construction & Engineering,0.002001165279969435,0.022798536330478018,0.5042936505522976,0.3619155443202955,-0.1832247728680063,0.15966374195949284
AVGO,AVGO,Broadcom,Information Technology,Semiconductors,0.0019810999007966513,0.026531832291087767,0.49923717500075615,0.4211797804145478,-0.19912911596619776,0.24432614074469505
MPWR,MPWR,Monolithic Power Systems,Information Technology,Semiconductors,0.0019759735425121583,0.03272892853389943,0.4979453327130639,0.5195556334698223,-0.20280251294694163,0.23429790085643765
COHR,COHR,Coherent Corp.,Information Technology,Electronic Components,0.0019607744605238744,0.037099892263292036,0.4941151640520164,0.5889425315757598,-0.29865980859648267,0.2285313141778842
CIEN,CIEN,Ciena,Information Technology,Communications Equipment,0.0019337453303719177,0.029348196272207673,0.4873038232537233,0.4658881725874463,-0.24321625910729605,0.2678372442661796
HWM,HWM,Howmet Aerospace,Industrials,Aerospace & Defense,0.0018677923096778997,0.025514013606209307,0.4706836620388307,0.4050224096948885,-0.16403785413647642,0.2635527425077284
ANET,ANET,Arista Networks,Information Technology,Communications Equipment,0.001823218569208216,0.02871853062833765,0.4594510794404705,0.45589254037063764,-0.24234371549038125,0.20388179822232133
CRWD,CRWD,CrowdStrike,Information Technology,Systems Software,0.0018066822296226976,0.035192109139249916,0.4552839218649198,0.5586574133657918,-0.1653603297518903,0.17417336729090072
AMAT,AMAT,Applied Materials,Information Technology,Semiconductor Materials & Equipment,0.0017964860493704727,0.028692832533825142,0.45271448444135914,0.45548459576714767,-0.203576213045235,0.16105760018967152
TER,TER,Teradyne,Information Technology,Semiconductor Materials & Equipment,0.0017908171751425405,0.03059744152890005,0.4512859281359202,0.48571932624185676,-0.22410534623623857,0.20482418792545376
TRGP,TRGP,Targa Resources,Energy,Oil & Gas Storage & Transportation,0.0017810115709355392,0.032899605974720095,0.4488149158757559,0.5222650538467448,-0.5290738226541662,0.35095168205136806
JBL,JBL,Jabil,Information Technology,Electronic Manufacturing Services,0.0017702311086125774,0.02499786301758349,0.4460982393703695,0.39682877311550735,-0.1648582689879159,0.1879635011000278
EME,EME,Emcor,Industrials,Construction & Engineering,0.0017387240997745047,0.02231536564354459,0.4381584731431752,0.35424544744976294,-0.19119732372951392,0.14397530248222523
HOOD,HOOD,Robinhood Markets,Financials,Investment Banking & Brokerage,0.0016916491976539311,0.04662666899445066,0.42629559780879067,0.7401754237358552,-0.2758914382346368,0.5040598405375005
AXON,AXON,Axon Enterprise,Industrials,Aerospace & Defense,0.00169037146316387,0.031876678924266426,0.4259736087172953,0.5060265903375775,-0.16420899036896008,0.28678398437499997
DELL,DELL,Dell Technologies,Information Technology,"Technology Hardware, Storage & Peripherals",0.0016293372474411388,0.02856733381263188,0.41059298635516694,0.45349236533034365,-0.18986671677492517,0.31618400906845867
TPL,TPL,Texas Pacific Land Corporation,Energy,Oil & Gas Exploration & Production,0.0016104985338547383,0.03156229323110052,0.40584563053139405,0.5010358721783356,-0.24885823506347682,0.26139995064724664
WSM,WSM,"Williams-Sonoma, Inc.",Consumer Discretionary,Homefurnishing Retail,0.00160149696933642,0.029824342456850807,0.4035772362727778,0.47344675894111415,-0.21664483227389064,0.27542992727648086
URI,URI,United Rentals,Industrials,Trading Companies & Distributors,0.00159906289544051,0.02769441258117834,0.4029638496510085,0.43963517037489774,-0.1653628914997206,0.22918827626827243
MRNA,MRNA,Moderna,Health Care,Biotechnology,0.0015947758248066597,0.04536094162811165,0.40188350785127824,0.7200826247022045,-0.21011577583684637,0.2781065106970553
ON,ON,ON Semiconductor,Information Technology,Semiconductors,0.0015827707503586494,0.03474688768569029,0.39885822909037966,0.551589741898975,-0.2683982969936636,0.243787037410105
VST,VST,Vistra Corp.,Utilities,Electric Utilities,0.0015785588553416487,0.028885210303526858,0.39779683154609546,0.45853849818559567,-0.28271682519403896,0.1660180350578746
BLDR,BLDR,Builders FirstSource,Industrials,Building Products,0.0015480592439753708,0.031760777392297254,0.39011092948179343,0.5041867105566065,-0.2327043961028188,0.2338129863513938
STLD,STLD,Steel Dynamics,Materials,Steel,0.00151823784317173,0.02625648279285328,0.382595936479276,0.4168087426388186,-0.18169348432460863,0.1941939897061633
FCX,FCX,Freeport-McMoRan,Materials,Copper,0.0014743219827353334,0.03140234793661546,0.371529139649304,0.49849681934284085,-0.1805556312579374,0.2968461741109576
DDOG,DDOG,Datadog,Information Technology,Application Software,0.0014657347193273035,0.03699582160221528,0.3693651492704805,0.5872904610478368,-0.17867270382747447,0.28472649940374684
ARES,ARES,Ares Management,Financials,Asset Management & Custody Banks,0.0014582043479452226,0.023951527986180117,0.3674674956821961,0.3802187194286177,-0.15475729439694696,0.18405982161071854
SATS,SATS,EchoStar,Communication Services,Wireless Telecommunication Services,0.0014478929020508018,0.038496265104331934,0.36486901131680205,0.6111092632252576,-0.3128238377572643,0.7024765850287811
CARR,CARR,Carrier Global,Industrials,Building Products,0.0014436028917400499,0.02363140579004685,0.3637879287184926,0.37513693710789486,-0.12753652698698936,0.27409642834595194
LLY,LLY,Lilly (Eli),Health Care,Pharmaceuticals,0.0014304701396946691,0.020774801014983947,0.3604784752030566,0.3297897421349986,-0.1413642846502151,0.15679736130869681
GE,GE,GE Aerospace,Industrials,Aerospace & Defense,0.0014058891836513927,0.02424658650381296,0.35428407428015096,0.3849026281878249,-0.15159214243326535,0.14729966906638525
FSLR,FSLR,First Solar,Information Technology,Semiconductors,0.0013878049791024888,0.033007766321369696,0.3497268547338272,0.5239820461204651,-0.1788873386791191,0.2647524392905276
CDNS,CDNS,Cadence Design Systems,Information Technology,Application Software,0.001379596451424637,0.02295355870329966,0.3476583057590085,0.36437644819711873,-0.12598051213057826,0.14250558881805575
GNRC,GNRC,Generac,Industrials,Electrical Components & Equipment,0.0013714595411933352,0.03125256254783933,0.3456078043807205,0.49611905001044415,-0.25341817415282686,0.19614057123450168
APO,APO,Apollo Global Management,Financials,Asset Management & Custody Banks,0.0013600037577351995,0.02597266583246992,0.34272094694927024,0.41230328806859873,-0.15901235574909223,0.2623722229549852
FTNT,FTNT,Fortinet,Information Technology,Systems Software,0.0013573157659488742,0.027037673691947935,0.3420435730191163,0.42920976371164704,-0.2506599939677835,0.2530012288916046
CAT,CAT,Caterpillar Inc.,Industrials,Construction Machinery & Heavy Transportation Equipment,0.0013539154358315011,0.020258009704417483,0.34118668982953826,0.32158593441013056,-0.1428217980464046,0.116346063047708
TPR,TPR,"Tapestry, Inc.",Consumer Discretionary,"Apparel, Accessories & Luxury Goods",0.0013535953705215095,0.03053662341745891,0.34110603337142037,0.48475386865336556,-0.29266777237006625,0.29678650798515216
TTD,TTD,Trade Desk (The),Communication Services,Advertising,0.0013324243435120832,0.0429699365774819,0.335770934565045,0.6821265962174103,-0.386052321769902,0.36220179566549593
APH,APH,Amphenol,Information Technology,Electronic Components,0.0012979950441936825,0.019105211871694564,0.32709475113680797,0.30328583614621607,-0.13875248055190403,0.10171467046006222
AAPL,AAPL,Apple Inc.,Information Technology,"Technology Hardware, Storage & Peripherals",0.0012875413902377762,0.019434795372843396,0.3244604303399196,0.30851781202783474,-0.12864679377941612,0.15328858759749742
TT,TT,Trane Technologies,Industrials,Building Products,0.0012834630557146344,0.018426879572132047,0.32343269004008784,0.2925176447207861,-0.1094301857371528,0.12185395491323758
ETN,ETN,Eaton Corporation,Industrials,Electrical Components & Equipment,0.001283044695749475,0.020408652624994555,0.32332726332886774,0.3239773166378469,-0.15564540139828198,0.23264680992046105
RCL,RCL,Royal Caribbean Group,Consumer Discretionary,"Hotels, Resorts & Cruise Lines",0.0012828067562259107,0.0375816113600894,0.3232673025689295,0.5965895851672586,-0.3177822543159362,0.2878607397295725
FICO,FICO,Fair Isaac,Information Technology,Application Software,0.0012826991205794663,0.0264381557957867,0.32324017838602553,0.41969271215299536,-0.20711578865246716,0.310994532527866
PANW,PANW,Palo Alto Networks,Information Technology,Systems Software,0.0012791277377404659,0.024910907787612922,0.3223401899105974,0.39544840163331607,-0.2844109267085455,0.18600523706105343
GOOGL,GOOGL,Alphabet Inc. (Class A),Communication Services,Interactive Media & Services,0.0012763467364499158,0.019757380023769942,0.3216393775853788,0.3136386846065441,-0.11634158189536337,0.10224363178402762
GOOG,GOOG,Alphabet Inc. (Class C),Communication Services,Interactive Media & Services,0.0012747424958358857,0.01967900253128416,0.3212351089506432,0.3123944804855308,-0.11100810055635157,0.10448552179369508
GLW,GLW,Corning Inc.,Information Technology,Electronic Components,0.0012738294986436801,0.022370363705784723,0.3210050336582074,0.35511851462143,-0.16403513749065934,0.1557662427636033
SNPS,SNPS,Synopsys,Information Technology,Application Software,0.0012712476155044374,0.024529913614614096,0.3203543991071182,0.3894003066369984,-0.3583731788271417,0.12976431864104
MPC,MPC,Marathon Petroleum,Energy,Oil & Gas Refining & Marketing,0.001269902124801197,0.027345353953145555,0.32001533544990163,0.43409403643836086,-0.270089643866706,0.20628539785836209
KKR,KKR,KKR & Co.,Financials,Asset Management & Custody Banks,0.0012673704230922848,0.025013876260887732,0.31937734661925576,0.397082975472307,-0.15177834666131584,0.18054023430094657
MCK,MCK,McKesson Corporation,Health Care,Health Care Distributors,0.0012643025419602244,0.01797557402588883,0.31860424057397657,0.28535339127680387,-0.11335862093070981,0.16520677348819124
PH,PH,Parker Hannifin,Industrials,Industrial Machinery & Supplies & Components,0.0012629653138952032,0.021663093146760886,0.3182672591015912,0.3438909425685418,-0.166883447988312,0.18419460740946092
IBKR,IBKR,Interactive Brokers,Financials,Investment Banking & Brokerage,0.001247292224499285,0.022328790769338334,0.3143176405738198,0.354458564714783,-0.13014515801170368,0.16120235823198326
DECK,DECK,Deckers Brands,Consumer Discretionary,Footwear,0.0012445441988985205,0.028129825384877516,0.31362513812242715,0.44654713435234616,-0.20505580150976588,0.19459453969053064
BX,BX,Blackstone Inc.,Financials,Asset Management & Custody Banks,0.0012221385450703547,0.024614094887598654,0.30797891335772937,0.3907366429171943,-0.15395994121540335,0.166250584849448
CASY,CASY,Casey's,Consumer Staples,Food Retail,0.0012077100234261463,0.018100825184613523,0.30434292590338885,0.28734169178125313,-0.1445759490498899,0.16721283089803918
GS,GS,Goldman Sachs,Financials,Investment Banking & Brokerage,0.0012073122676017017,0.019977722190846408,0.3042426914356288,0.31713650807109633,-0.12705282128332718,0.17580286840441262
MS,MS,Morgan Stanley,Financials,Investment Banking & Brokerage,0.001195173567943954,0.021079225027274703,0.3011837391218764,0.3346223235128255,-0.1560000498712113,0.19770042445809488
VLO,VLO,Valero Energy,Energy,Oil & Gas Refining & Marketing,0.0011949378596159735,0.028040919618643686,0.30112434062322535,0.4451357990669,-0.19220863987120507,0.31202558702953853
APA,APA,APA Corporation,Energy,Oil & Gas Exploration & Production,0.0011909602584831266,0.040657018482957046,0.3001219851377479,0.6454101597315653,-0.5386473227018648,0.2946638284405747
PHM,PHM,PulteGroup,Consumer Discretionary,Homebuilding,0.0011867430917808694,0.024997469784193184,0.2990592591287791,0.3968225307289596,-0.2112677149738187,0.2446445875157952
EQT,EQT,EQT Corporation,Energy,Oil & Gas Exploration & Production,0.001182617912582211,0.03345046578397712,0.29801971397071714,0.5310096822220721,-0.18657698749710272,0.3731990469198263
KEYS,KEYS,Keysight Technologies,Information Technology,Electronic Equipment & Instruments,0.0011822970664992583,0.02175324452430747,0.29793886075781306,0.3453220513205707,-0.13782077650099755,0.23053065708705356
META,META,Meta Platforms,Communication Services,Interactive Media & Services,0.0011743604311525763,0.026409660910140995,0.29593882865044924,0.41924036986666086,-0.263900860550321,0.23282409014359717
NRG,NRG,NRG Energy,Utilities,Independent Power Producers & Energy Traders,0.0011737894373761743,0.024819750065375984,0.29579493821879593,0.39400131765458385,-0.16712682727941375,0.2621301075905884
DVN,DVN,Devon Energy,Energy,Oil & Gas Exploration & Production,0.0011729605069827186,0.03345894260645932,0.2955860477596451,0.5311442476072478,-0.37397166762280354,0.21072124014368354
NUE,NUE,Nucor,Materials,Steel,0.0011705811814171497,0.024241583952776556,0.29498645771712173,0.3848232151520455,-0.1450894082640879,0.15994742554023755
NXPI,NXPI,NXP Semiconductors,Information Technology,Semiconductors,0.0011674617958171212,0.027537992575549494,0.2942003725459146,0.43715207976508225,-0.1938063740545557,0.25547984186068873
HUBB,HUBB,Hubbell Incorporated,Industrials,Industrial Machinery & Supplies & Components,0.0011590990975622016,0.019506890541280065,0.2920929725856748,0.3096622873463112,-0.12418086789618799,0.13735485401834158
ODFL,ODFL,Old Dominion,Industrials,Cargo Ground Transportation,0.0011571663585177457,0.02224876133536334,0.2916059223464719,0.3531881368356044,-0.12972908748519252,0.1279076995784325
IRM,IRM,Iron Mountain,Real Estate,Other Specialized REITs,0.0011486374240044718,0.020049316825227707,0.2894566308491269,0.31827303765777337,-0.15039658277659007,0.11998187252311299
ADI,ADI,Analog Devices,Information Technology,Semiconductors,0.0011448199192483856,0.022126654628971537,0.28849461965059314,0.35124975296444905,-0.16614870923251623,0.18387630231408503
CMI,CMI,Cummins,Industrials,Construction Machinery & Heavy Transportation Equipment,0.0011437814074796448,0.018689538846075573,0.2882329146848705,0.29668723143118225,-0.11778834668892346,0.21146357973465757
DHI,DHI,D. R. Horton,Consumer Discretionary,Homebuilding,0.001137515208875148,0.024358707407420674,0.2866538326365373,0.38668249235413205,-0.20228998176212087,0.16979119937653597
CRH,CRH,CRH plc,Materials,Construction Materials,0.0011353549136355137,0.02079205550176602,0.2861094382361494,0.3300636486211511,-0.1795709970311009,0.13330028984478992
AMP,AMP,Ameriprise Financial,Financials,Asset Management & Custody Banks,0.0011335164921524646,0.022785950627765034,0.2856461560224211,0.36171575248357424,-0.23822131291024862,0.22635790205717576
FANG,FANG,Diamondback Energy,Energy,Oil & Gas Exploration & Production,0.0011305974787082904,0.03343898975047409,0.28491056463448916,0.5308275058379534,-0.4464579946692957,0.3096202609917602
ALB,ALB,Albemarle Corporation,Materials,Specialty Chemicals,0.001107696474058148,0.03360768433846731,0.2791395114626533,0.5335054494020688,-0.19910578738966644,0.1912923678313616
JCI,JCI,Johnson Controls,Industrials,Building Products,0.0011045941306722278,0.01839866229865378,0.2783577209294014,0.29206970939098736,-0.13320091748196705,0.11282186476329503
BKR,BKR,Baker Hughes,Energy,Oil & Gas Equipment & Services,0.0011021527783621346,0.026162687586735057,0.27774250014725793,0.4153197899014654,-0.22263670414501524,0.20578776428440038
TDG,TDG,TransDigm Group,Industrials,Aerospace & Defense,0.0010951149296544794,0.023103346629548764,0.27596896227292883,0.36675425781065,-0.2197390912603615,0.24402956685635502
SYF,SYF,Synchrony Financial,Financials,Consumer Finance,0.001084793659366958,0.02686104308204422,0.2733680021604734,0.42640583970528567,-0.26025685036327917,0.1881379951006641
WMB,WMB,Williams Companies,Energy,Oil & Gas Storage & Transportation,0.0010791594677046132,0.020168161037439847,0.27194818586156255,0.32015963103940964,-0.23742814223093978,0.1896161929245741
CAH,CAH,Cardinal Health,Health Care,Health Care Distributors,0.0010760157193612139,0.018435613724238947,0.2711559612790259,0.2926562950871133,-0.14259081468406443,0.1542530265283959
RL,RL,Ralph Lauren Corporation,Consumer Discretionary,"Apparel, Accessories & Luxury Goods",0.0010691065844840287,0.025597926663010865,0.2694148592899752,0.40635448817517744,-0.1627249113358964,0.19800652868988222
ORCL,ORCL,Oracle Corporation,Information Technology,Application Software,0.0010547688302933434,0.02394853906010914,0.2658017452339225,0.3801712716981919,-0.13790857613084406,0.35948814029426734
NFLX,NFLX,Netflix,Communication Services,Movies & Entertainment,0.0010513067689071232,0.02678282430803773,0.26492930576459506,0.4251641551620205,-0.35116607551133094,0.16854337736766944
COR,COR,Cencora,Health Care,Health Care Distributors,0.0010410333862178782,0.01646848563709764,0.26234041332690533,0.26142910479359677,-0.1055554943894561,0.11815098235134003
HLT,HLT,Hilton Worldwide,Consumer Discretionary,"Hotels, Resorts & Cruise Lines",0.0010313805247440366,0.019622854136872467,0.2599078922354972,0.31150315235675735,-0.12571360482753136,0.14050758628655324
COST,COST,Costco,Consumer Staples,Consumer Staples Merchandise Retail,0.0010311399222868525,0.014283037144809423,0.2598472604162868,0.2267361855111827,-0.124513271142355,0.09959432955939085
EXE,EXE,Expand Energy,Energy,Oil & Gas Exploration & Production,0.0010294064099444138,0.02199768374817624,0.2594104153059923,0.34920240370272915,-0.0953414630136975,0.0977211031604639
MSCI,MSCI,MSCI Inc.,Financials,Financial Exchanges & Data,0.0010266153878463063,0.021316365740051694,0.2587070777372692,0.3383868156232446,-0.13488547957584873,0.18034947389162248
QCOM,QCOM,Qualcomm,Information Technology,Semiconductors,0.001026397911770676,0.02580451206654616,0.25865227376621036,0.4096339297886793,-0.14945232925346408,0.232074863269931
NEM,NEM,Newmont,Materials,Gold,0.001023740695982494,0.023239663033011827,0.2579826553875885,0.36891821362974203,-0.14703844867357496,0.1401817327914492
GRMN,GRMN,Garmin,Consumer Discretionary,Consumer Electronics,0.001021802167220139,0.019141886724265703,0.257494146139475,0.3038680313818552,-0.15008951960266992,0.23245306536526789
COIN,COIN,Coinbase,Financials,Financial Exchanges & Data,0.0010195679972584838,0.05396207141794813,0.2569311353091379,0.856621327210784,-0.2640087300595958,0.3111465701986482
CF,CF,CF Industries,Materials,Fertilizers & Agricultural Chemicals,0.0010062029235459284,0.02545200250871287,0.25356313673357395,0.40403801403987794,-0.1539084666871573,0.16243185311494313
DE,DE,Deere & Company,Industrials,Agricultural & Farm Machinery,0.0010051288701502586,0.020015676565457493,0.25329247527786514,0.3177390150894238,-0.1407218339240306,0.1336031683564991
WELL,WELL,Welltower,Real Estate,Health Care REITs,0.0010041353124231906,0.022132805094988522,0.25304209873064404,0.3513473885856176,-0.24395484742215745,0.23178807223046305
MCHP,MCHP,Microchip Technology,Information Technology,Semiconductors,0.0010015886111219654,0.028671554268620593,0.25240033000273526,0.455146813778775,-0.20294393240193054,0.27051517647804313
IR,IR,Ingersoll Rand,Industrials,Industrial Machinery & Supplies & Components,0.0009941348250432195,0.021507763145052396,0.2505219759108913,0.34142515523453437,-0.1604893353603627,0.16042777475849856
LYV,LYV,Live Nation Entertainment,Communication Services,Movies & Entertainment,0.0009865193337532743,0.02625426181207067,0.24860287210582513,0.4167734856619139,-0.16580623883276935,0.18370159035990197
GWW,GWW,W. W. Grainger,Industrials,Industrial Machinery & Supplies & Components,0.00098159397758894,0.017604756020367523,0.24736168235241285,0.27946683793115773,-0.13717021501980398,0.13938625162751594
HCA,HCA,HCA Healthcare,Health Care,Health Care Facilities,0.000977341316078978,0.02215724993102104,0.24629001165190245,0.35173543832750837,-0.2182303211708101,0.22559801963650772
CTAS,CTAS,Cintas,Industrials,Diversified Support Services,0.0009745827471880445,0.017890340197164175,0.24559485229138722,0.28400034619223197,-0.16860995304216309,0.14658834955661515
CMG,CMG,Chipotle Mexican Grill,Consumer Discretionary,Restaurants,0.0009715391933230748,0.022148605291427047,0.24482787671741485,0.3515982089282714,-0.18184104244090749,0.152490205932436
MSFT,MSFT,Microsoft,Information Technology,Systems Software,0.0009651001661272738,0.018025424993914754,0.243205241864073,0.2861447508608784,-0.1473904133820162,0.14216917071583945
EBAY,EBAY,eBay Inc.,Consumer Discretionary,Broadline Retail,0.0009596857426545102,0.020486737030566988,0.24184080714893658,0.32521686814834866,-0.1588305536135559,0.18295512126300317
WAB,WAB,Wabtec,Industrials,Construction Machinery & Heavy Transportation Equipment,0.0009595411362458633,0.020648795082133187,0.24180436633395755,0.3277894599627477,-0.18221682974880404,0.12236233175967404
AXP,AXP,American Express,Financials,Consumer Finance,0.0009555459693748541,0.022106339500852244,0.24079758428246323,0.35092726030331267,-0.14818676346361814,0.21882301461456444
MAR,MAR,Marriott International,Consumer Discretionary,"Hotels, Resorts & Cruise Lines",0.0009472891052037786,0.022703503861911608,0.2387168545113522,0.3604069506504758,-0.15191371745160176,0.1948206670210786
AZO,AZO,AutoZone,Consumer Discretionary,Automotive Retail,0.0009443217704522058,0.016840083223264444,0.23796908615395584,0.26732803359833235,-0.1593711714787006,0.11782033879652665
CBRE,CBRE,CBRE Group,Real Estate,Real Estate Services,0.0009433775486569109,0.022380400475087426,0.23773114226154154,0.3552778433946789,-0.17205690725441403,0.168032818210212
WMT,WMT,Walmart,Consumer Staples,Consumer Staples Merchandise Retail,0.0009409634624884506,0.013954425782020679,0.23712279254708954,0.22151964184760842,-0.11375740487582597,0.11708538396396628
ORLY,ORLY,O’Reilly Automotive,Consumer Discretionary,Automotive Retail,0.0009345443992787069,0.01633985574290873,0.23550518861823413,0.25938716852644234,-0.15424781141442334,0.1288171309589754
FAST,FAST,Fastenal,Industrials,Trading Companies & Distributors,0.0009315645417690536,0.01732585565728264,0.2347542645258015,0.2750394319234284,-0.11021660511790943,0.17150222976212137
INTC,INTC,Intel,Information Technology,Semiconductors,0.000931112874238149,0.03016553053428616,0.23464044430801353,0.4788629517602793,-0.2605851455985698,0.2359988383395475
PGR,PGR,Progressive Corporation,Financials,Property & Casualty Insurance,0.0009303950103711002,0.016484092702078783,0.23445954261351726,0.26167685926941114,-0.1311785912487361,0.12137242387369018
CFG,CFG,Citizens Financial Group,Financials,Regional Banks,0.0009301212248547921,0.026256549156873057,0.2343905486634076,0.4168097961349726,-0.21766702153153172,0.16996035224567674
MLM,MLM,Martin Marietta Materials,Materials,Construction Materials,0.000921844445267215,0.020020243603699056,0.23230480020733818,0.3178115145739156,-0.13548554622412934,0.13495795150938128
WST,WST,West Pharmaceutical Services,Health Care,Health Care Supplies,0.0009213198919057426,0.023763553246600264,0.23217261276024714,0.37723471294647515,-0.38218322377342806,0.22783869797606715
MSI,MSI,Motorola Solutions,Information Technology,Communications Equipment,0.0009196558426057383,0.016800640824371542,0.23175327233664605,0.26670190492683776,-0.11957441155092441,0.1412068846189285
EXPE,EXPE,Expedia Group,Consumer Discretionary,"Hotels, Resorts & Cruise Lines",0.0009186505909481556,0.030411454017048645,0.2314999489189352,0.4827668660219218,-0.2738622133795007,0.2456667058754689
HIG,HIG,Hartford (The),Financials,Property & Casualty Insurance,0.0009157486889457454,0.020134400176400648,0.23076866961432782,0.31962369398526685,-0.2121355021788146,0.27695226166452946
OKE,OKE,Oneok,Energy,Oil & Gas Storage & Transportation,0.0009137479978329703,0.027008366229768956,0.23026449545390854,0.428744522172743,-0.3775527363769636,0.33311621665944946
TXN,TXN,Texas Instruments,Information Technology,Semiconductors,0.0009135682691130405,0.02088866384480961,0.2302192038164862,0.33159725852275523,-0.1333984298266846,0.19432107783060837
ACGL,ACGL,Arch Capital Group,Financials,Property & Casualty Insurance,0.0009135334893053764,0.019171978302543895,0.23021043930495486,0.3043457203779444,-0.1687519548811891,0.15357702500957493
JPM,JPM,JPMorgan Chase,Financials,Diversified Banks,0.0009130374119607899,0.018689511737991674,0.23008542781411906,0.29668680110369117,-0.14964891758460996,0.18012535950340314
AMZN,AMZN,Amazon,Consumer Discretionary,Broadline Retail,0.0009083692089548529,0.021453356667276744,0.22890904065662293,0.3405614791751023,-0.140494377749234,0.13535901735711864
RJF,RJF,Raymond James Financial,Financials,Investment Banking & Brokerage,0.0009081454514006888,0.020766683730420673,0.2288526537529736,0.3296608842373452,-0.11589657617517901,0.18944264384427512
COF,COF,Capital One,Financials,Consumer Finance,0.000899231947869999,0.025909043923895803,0.22660645086323974,0.41129332158046433,-0.23874214249795267,0.18754363561648746
PCAR,PCAR,Paccar,Industrials,Construction Machinery & Heavy Transportation Equipment,0.000893785253628386,0.017085052197692536,0.22523388391435328,0.27121679550991196,-0.10966442854060887,0.14205601668834622
TJX,TJX,TJX Companies,Consumer Discretionary,Apparel Retail,0.0008933330659669308,0.01766050080819649,0.22511993262366656,0.2803517590040588,-0.20399471210566078,0.1290324280653099
C,C,Citigroup,Financials,Diversified Banks,0.0008805754644459127,0.022878859389820167,0.22190501704037,0.36319063335767476,-0.19298604702281597,0.1798429270632662
DXCM,DXCM,Dexcom,Health Care,Health Care Equipment,0.0008772131885051355,0.03012815743022176,0.22105772350329414,0.47826967212581767,-0.4065832090358631,0.2715517447556879
FITB,FITB,Fifth Third Bancorp,Financials,Regional Banks,0.0008671504453252306,0.024938220356654037,0.2185219122219581,0.3958819752254105,-0.2178106907681875,0.18503278239305443
NDAQ,NDAQ,"Nasdaq, Inc.",Financials,Financial Exchanges & Data,0.0008625081250912591,0.016673745551120937,0.21735204752299728,0.26468750491341364,-0.11810479225683634,0.13903371193942293
MCO,MCO,Moody's Corporation,Financials,Financial Exchanges & Data,0.0008601327923213007,0.01887244572550926,0.21675346366496778,0.29959078812756873,-0.13726558943156397,0.18571703722361765
NOW,NOW,ServiceNow,Information Technology,Systems Software,0.0008595056801261179,0.026729373382146558,0.2165954313917817,0.42431564801849536,-0.17745222634793312,0.15487887455583205
RF,RF,Regions Financial Corporation,Financials,Regional Banks,0.0008586248334499977,0.024429603727853095,0.21637345802939942,0.3878079365505344,-0.19337452145293865,0.16628367541625777
DVA,DVA,DaVita,Health Care,Health Care Services,0.0008563411595672802,0.022487738063116353,0.21579797221095462,0.35698177478020315,-0.2709043833020429,0.211709621092397
EQIX,EQIX,Equinix,Real Estate,Data Center REITs,0.0008544841489292267,0.01830996878618479,0.21533000553016513,0.29066174352960084,-0.1266484454171537,0.11601999554177245
CTVA,CTVA,Corteva,Materials,Fertilizers & Agricultural Chemicals,0.0008529757647358983,0.02063973755349337,0.21494989271344636,0.3276456761531049,-0.16438346212091381,0.18865434041446205
STT,STT,State Street Corporation,Financials,Asset Management & Custody Banks,0.0008524354799521896,0.022342601645636218,0.21481374094795178,0.35467780557921547,-0.18926269191225986,0.22319211836972874
WRB,WRB,W. R. Berkley Corporation,Financials,Property & Casualty Insurance,0.0008512077832134223,0.017073217237079285,0.2145043613697824,0.2710289213345585,-0.1543253444518764,0.1195536958295762
BK,BK,BNY Mellon,Financials,Asset Management & Custody Banks,0.0008507048450927959,0.018313247858563517,0.21437762096338456,0.2907137971898714,-0.14503366093625403,0.15616521551029416
IDXX,IDXX,Idexx Laboratories,Health Care,Health Care Equipment,0.0008483268021129206,0.021939647317075817,0.213778354132456,0.34828110392068845,-0.11936891276099315,0.27493755333054404
CBOE,CBOE,Cboe Global Markets,Financials,Financial Exchanges & Data,0.0008479896588336787,0.016550474637964146,0.21369339402608706,0.26273063983280937,-0.14332492135284947,0.13525025788338407
XYZ,XYZ,"Block, Inc.",Financials,Transaction & Payment Processing Services,0.0008422912258665094,0.03779573350263738,0.21225738891836038,0.5999886688035043,-0.2856153690367952,0.2613959615691832
UBER,UBER,Uber,Industrials,Passenger Ground Transportation,0.0008421862885479279,0.03201193607733597,0.21223094471407783,0.508173731077965,-0.2162876882914211,0.38259110614382497
PODD,PODD,Insulet Corporation,Health Care,Health Care Equipment,0.0008398327627153683,0.02728135595155667,0.2116378562042728,0.43307809965870503,-0.16835286431131435,0.22576852366752553
HAL,HAL,Halliburton,Energy,Oil & Gas Equipment & Services,0.0008393379525468366,0.03209356568457277,0.21151316404180281,0.5094695609201758,-0.3764346973149997,0.2652671786559211
DOV,DOV,Dover Corporation,Industrials,Industrial Machinery & Supplies & Components,0.0008386901628812786,0.017793458743336828,0.2113499210460822,0.2824624007913427,-0.16308565919012208,0.1433380919767957
ETR,ETR,Entergy,Utilities,Electric Utilities,0.0008384191729953598,0.016533710505828244,0.21128163159483065,0.26246451748534483,-0.1572917017313863,0.1516370227576238
PFG,PFG,Principal Financial Group,Financials,Life & Health Insurance,0.000837664979975953,0.02182278146044204,0.21109157495394015,0.34642591596024347,-0.17552744889331284,0.2255796713034821
PSX,PSX,Phillips 66,Energy,Oil & Gas Refining & Marketing,0.0008375759881872637,0.024675950843124954,0.21106914902319046,0.3917185757697794,-0.15865805839452474,0.22172236883036134
ROK,ROK,Rockwell Automation,Industrials,Electrical Components & Equipment,0.000837008897148683,0.0212023673562601,0.21092624208146812,0.33657714738298944,-0.1755745551706095,0.17583704213095008
AME,AME,Ametek,Industrials,Electrical Components & Equipment,0.0008338421578942038,0.016388236232757057,0.21012822378933935,0.2601551849931193,-0.16166217859657084,0.1671536951032917
TKO,TKO,TKO Group Holdings,Communication Services,Movies & Entertainment,0.0008331619682580783,0.02348713563499112,0.20995681600103575,0.37284671939657776,-0.21540930446607232,0.16976666763813753
LEN,LEN,Lennar,Consumer Discretionary,Homebuilding,0.0008325267553312675,0.02545731152784052,0.2097967423434794,0.40412229210578265,-0.19614736630544882,0.21294718596981266
VMC,VMC,Vulcan Materials Company,Materials,Construction Materials,0.0008297113134539708,0.019401900779004697,0.20908725099040065,0.30799562653918067,-0.17614773038643516,0.17765311676508588
COP,COP,ConocoPhillips,Energy,Oil & Gas Exploration & Production,0.0008245359733196814,0.02549663986327595,0.2077830652765597,0.4047466100760243,-0.24840080446653645,0.2521381564615246
BLK,BLK,BlackRock,Financials,Asset Management & Custody Banks,0.0008240071747629329,0.018707284246807603,0.2076498080402591,0.29696893093469506,-0.13654599641088816,0.1352392998442078
PM,PM,Philip Morris International,Consumer Staples,Tobacco,0.0008226603470821792,0.01599741962464044,0.20731040746470916,0.2539511636732571,-0.12452825501901177,0.10948225334599626
HPE,HPE,Hewlett Packard Enterprise,Information Technology,"Technology Hardware, Storage & Peripherals",0.0008223964952743521,0.02412049710518771,0.20724391680913673,0.3829010210374803,-0.15314403337873372,0.1590726388408088
ISRG,ISRG,Intuitive Surgical,Health Care,Health Care Equipment,0.0008222015383348071,0.021642253671340553,0.2071947876603714,0.34356012615205034,-0.1433615437292216,0.17443907458174368
LIN,LIN,Linde plc,Materials,Industrial Gases,0.0008203031354102058,0.015128339927296404,0.20671639012337187,0.24015495118125155,-0.10283285684541765,0.1169472675709522
FDX,FDX,FedEx,Industrials,Air Freight & Logistics,0.000813029562178899,0.022435165500677482,0.20488344966908253,0.3561472112242111,-0.21403806993562713,0.1552773321573031
ROST,ROST,Ross Stores,Consumer Discretionary,Apparel Retail,0.0008128933236636016,0.021332935904697804,0.2048491175632276,0.33864985883226656,-0.22470335514051754,0.16628708788267277
GM,GM,General Motors,Consumer Discretionary,Automobile Manufacturers,0.000811928745917192,0.02511998933588875,0.20460604397113238,0.3987674683161372,-0.17322829808196116,0.1994317224178943
TEL,TEL,TE Connectivity,Information Technology,Electronic Manufacturing Services,0.0008095010491146868,0.019304050893988983,0.20399426437690107,0.3064423077697736,-0.15826208167419187,0.11952113448289459
DRI,DRI,Darden Restaurants,Consumer Discretionary,Restaurants,0.0008043832273690318,0.024812798481354086,0.202704573296996,0.39389096467934437,-0.24663202758926683,0.31342950026172733
IVZ,IVZ,Invesco,Financials,Asset Management & Custody Banks,0.0007999767482330851,0.027139587523631353,0.20159414055473743,0.43082759563439915,-0.21132904464310343,0.17850435227718964
SW,SW,Smurfit Westrock,Materials,Paper & Plastic Packaging Products & Materials,0.0007959297739908442,0.02893220893391766,0.20057430304569274,0.4592845783134439,-0.24084660336507846,0.1562500764882575
XOM,XOM,ExxonMobil,Energy,Integrated Oil & Gas,0.0007957029152578387,0.019572364631227093,0.20051713464497536,0.31070165630221985,-0.12224795025312696,0.1268678851935685
LDOS,LDOS,Leidos,Industrials,Diversified Support Services,0.0007951015104616987,0.0182555850638165,0.20036558063634807,0.289798428701062,-0.14535606876244977,0.10772254951190763
BG,BG,Bunge Global,Consumer Staples,Agricultural Products & Services,0.0007923945614734104,0.020074681774269673,0.1996834294912994,0.31867569374087057,-0.1428168629283676,0.14476435832035306
TDY,TDY,Teledyne Technologies,Information Technology,Electronic Equipment & Instruments,0.0007908711422162322,0.018427046414592307,0.19929952783849053,0.292520293262734,-0.2288704765229077,0.1331911349557906
KMI,KMI,Kinder Morgan,Energy,Oil & Gas Storage & Transportation,0.0007901876588041263,0.018315256951282166,0.19912729001863982,0.2907456905480379,-0.21044279647629338,0.16772476319705576
SNA,SNA,Snap-on,Industrials,Industrial Machinery & Supplies & Components,0.0007898383454529569,0.018110450328061866,0.19903926305414513,0.287494486196639,-0.11495525058157763,0.11530826071024824
RTX,RTX,RTX Corporation,Industrials,Aerospace & Defense,0.0007885984381311454,0.019192687061727394,0.19872680640904863,0.304674461738506,-0.14476515864235995,0.15757146674388478
KEY,KEY,KeyCorp,Financials,Regional Banks,0.0007832560070189745,0.027638760703018194,0.19738051376878157,0.43875172419726527,-0.2733077705464594,0.18564749343694298
JBHT,JBHT,J.B. Hunt,Industrials,Cargo Ground Transportation,0.0007829932860546212,0.020343139227427733,0.19731430808576456,0.3229373236928186,-0.14233698006713869,0.22142195427618683
PKG,PKG,Packaging Corporation of America,Materials,Paper & Plastic Packaging Products & Materials,0.0007825436456402849,0.01792500364799618,0.19720099870135177,0.28455061141514076,-0.11248279024640861,0.15771268181577658
ALL,ALL,Allstate,Financials,Property & Casualty Insurance,0.0007812239445418364,0.017168172132784,0.19686843402454277,0.27253628357337506,-0.14089154526210934,0.10704057937103784
LOW,LOW,Lowe's,Consumer Discretionary,Home Improvement Retail,0.0007792480577856244,0.019294703904658095,0.19637051056197735,0.3062939289141134,-0.24769434072421415,0.14011811179334677
PLD,PLD,Prologis,Real Estate,Industrial REITs,0.0007730943558065956,0.018366661027673023,0.19481977766326208,0.29156170496306894,-0.1727063376509711,0.11810360648221185
ABBV,ABBV,AbbVie,Health Care,Biotechnology,0.0007664976920287421,0.01598284097913033,0.193157418391243,0.25371973485042565,-0.16252395150876797,0.08717416966806235
AJG,AJG,Arthur J. Gallagher & Co.,Financials,Insurance Brokers,0.0007657725310144589,0.01577306592446016,0.19297467781564365,0.25038965909489214,-0.15235174880299351,0.1323272015276793
MNST,MNST,Monster Beverage,Consumer Staples,Soft Drinks & Non-alcoholic Beverages,0.0007654126636636906,0.01649525002299839,0.19288399124325,0.2618539762481173,-0.10924204613330257,0.08829106369531203
NWS,NWS,News Corp (Class B),Communication Services,Publishing,0.0007648812606924748,0.019704413999957787,0.19275007769450364,0.31279787504488676,-0.1455222633414428,0.1329306223029758
AIZ,AIZ,Assurant,Financials,Multi-line Insurance,0.0007630349905424789,0.01803534048824386,0.19228481761670468,0.2863021544536049,-0.19735988491347844,0.14148416115711582
TMUS,TMUS,T-Mobile US,Communication Services,Wireless Telecommunication Services,0.0007603052511579556,0.01680037885325523,0.1915969232918048,0.2666977462642911,-0.11217485448622821,0.1178280226453925
EOG,EOG,EOG Resources,Energy,Oil & Gas Exploration & Production,0.0007584860212665702,0.026802376190915068,0.1911384773591757,0.4254745316805595,-0.32007246820970914,0.16570267427804142
ULTA,ULTA,Ulta Beauty,Consumer Discretionary,Other Specialty Retail,0.0007542816441055751,0.025804831466106008,0.1900789743146049,0.40963900009950466,-0.2955104841374617,0.2398072432799918
F,F,Ford Motor Company,Consumer Discretionary,Automobile Manufacturers,0.0007526834267100094,0.025555399703038394,0.18967622353092237,0.4056793936145609,-0.18361390828391988,0.23441369111504873
AFL,AFL,Aflac,Financials,Life & Health Insurance,0.0007515301567806244,0.017921988722713018,0.18938559950871736,0.28450275096001665,-0.164312482495651,0.2617658161154133
TRV,TRV,Travelers Companies (The),Financials,Property & Casualty Insurance,0.0007502097304390909,0.016763937022171767,0.1890528520706509,0.26611925013009113,-0.2080036047810797,0.13290244386867966
BKNG,BKNG,Booking Holdings,Consumer Discretionary,"Hotels, Resorts & Cruise Lines",0.0007466746110370995,0.022060973840944936,0.18816200198134908,0.35020710277825023,-0.11237436629211484,0.187520485028841
EMR,EMR,Emerson Electric,Industrials,Electrical Components & Equipment,0.0007461079118060023,0.019685680517428073,0.1880191937751126,0.312500490229104,-0.1895717954828845,0.16334046954637071
LII,LII,Lennox International,Industrials,Building Products,0.0007430401229434547,0.019874135670928546,0.1872461109817506,0.3154921230458085,-0.1018597128985902,0.11405476739464238
SLB,SLB,Schlumberger,Energy,Oil & Gas Equipment & Services,0.00074296920198127,0.028475234105247077,0.18722823889928006,0.45203032780097163,-0.2742139681609761,0.1990801785118932
NVR,NVR,"NVR, Inc.",Consumer Discretionary,Homebuilding,0.0007421316314557642,0.02133653918607828,0.1870171711268526,0.3387070591508857,-0.2054902315930638,0.21079999551005746
SCHW,SCHW,Charles Schwab Corporation,Financials,Investment Banking & Brokerage,0.0007416763666026121,0.02242179947364146,0.18690244438385825,0.3559350321228854,-0.12769011086225834,0.19134704248522993
MGM,MGM,MGM Resorts,Consumer Discretionary,Casinos & Gaming,0.0007412813883748705,0.03146434919561355,0.18680290987046735,0.4994810588165319,-0.33613980727643755,0.33114764223397875
MAS,MAS,Masco,Industrials,Building Products,0.0007388884882616555,0.019605469678800884,0.1861998990419372,0.3112271826403471,-0.11686362228401193,0.14856535425727802
KR,KR,Kroger,Consumer Staples,Food Retail,0.0007369486989241593,0.01767798026149532,0.18571107212888815,0.2806292367229512,-0.09950762211020814,0.11606232647012416
AIG,AIG,American International Group,Financials,Multi-line Insurance,0.0007325525643969788,0.02263624010682387,0.18460324622803867,0.35933917164121276,-0.20844876969563242,0.18808308620594305
IBM,IBM,IBM,Information Technology,IT Consulting & Other Services,0.0007279648035456967,0.017324467014423833,0.18344713049351555,0.2750173879014427,-0.13147455699610955,0.1296417633836262
BAC,BAC,Bank of America,Financials,Diversified Banks,0.0007258520713249811,0.020596808965378643,0.18291472197389524,0.32696420594338477,-0.1539733878099443,0.1779617237203197
RSG,RSG,Republic Services,Industrials,Environmental & Facilities Services,0.0007258412764891134,0.012945626014466948,0.18291200167525656,0.2055054420019668,-0.12806704745947683,0.07893166229351567
J,J,Jacobs Solutions,Industrials,Construction & Engineering,0.0007243579213267478,0.017610668862849174,0.18253819617434044,0.2795607013956454,-0.1210335139121409,0.10284047121672546
CINF,CINF,Cincinnati Financial,Financials,Property & Casualty Insurance,0.0007208794613365249,0.01998403811460921,0.18166162425680427,0.3172367702525524,-0.13907982855195533,0.16831340327038857
TGT,TGT,Target Corporation,Consumer Staples,Consumer Staples Merchandise Retail,0.0007199352969562586,0.0220880061866656,0.18142369483297718,0.35063622796303984,-0.2493031215615742,0.2042554140932702
GL,GL,Globe Life,Financials,Life & Health Insurance,0.0007196036596112516,0.022808944504433715,0.18134012222203538,0.36208076895962993,-0.5314019518828876,0.2017490491593783
CPRT,CPRT,Copart,Industrials,Diversified Support Services,0.0007188634355379822,0.01797275824771016,0.18115358575557153,0.28530869218395655,-0.1405914650410972,0.1735284925053333
MA,MA,Mastercard,Financials,Transaction & Payment Processing Services,0.0007181261764237235,0.018016148898458734,0.18096779645877833,0.28599749741059244,-0.12725485837479678,0.16610939135923575
VRTX,VRTX,Vertex Pharmaceuticals,Health Care,Biotechnology,0.0007149617661648917,0.01976598020009989,0.18017036507355272,0.31377520817334614,-0.20695496369334432,0.13233442787583138
CB,CB,Chubb Limited,Financials,Property & Casualty Insurance,0.0007147680533437981,0.01631333632005477,0.1801215494426371,0.25896618573973507,-0.16773318711611418,0.08874736204741329
NEE,NEE,NextEra Energy,Utilities,Multi-Utilities,0.0007104891488421413,0.01770072833381746,0.1790432655082196,0.28099035117597415,-0.13417079844793334,0.13690423046317934
KIM,KIM,Kimco Realty,Real Estate,Retail REITs,0.0007036550761296924,0.023095422276459533,0.17732107918468248,0.366628462605199,-0.19818476598800727,0.32261212098884373
CHRW,CHRW,C.H. Robinson,Industrials,Air Freight & Logistics,0.0007035660242288643,0.019575741143138425,0.1772986381056738,0.31075525676711724,-0.14847562137004788,0.19709388542286366
NTRS,NTRS,Northern Trust,Financials,Asset Management & Custody Banks,0.0007022120986055348,0.020697886692777265,0.17695744884859477,0.32856876512209077,-0.1818540291738504,0.20637709114959701
NTAP,NTAP,NetApp,Information Technology,"Technology Hardware, Storage & Peripherals",0.0007017134646067345,0.02267471250758311,0.17683179308089708,0.3599499020697041,-0.20221800082625618,0.18166513203890777
NDSN,NDSN,Nordson Corporation,Industrials,Industrial Machinery & Supplies & Components,0.0006994164762029309,0.018470174876903635,0.1762529520031386,0.2932049363769604,-0.1830909041555484,0.19696349279404846
SO,SO,Southern Company,Utilities,Electric Utilities,0.0006976234074159223,0.014991615596586667,0.1758010986688124,0.23798451971787324,-0.11765775563189973,0.18773620650834433
PNC,PNC,PNC Financial Services,Financials,Diversified Banks,0.0006968515900441611,0.020390726414414466,0.1756066006911286,0.32369274686697874,-0.15900179049183016,0.1294341640301515
MET,MET,MetLife,Financials,Life & Health Insurance,0.0006963102021772704,0.020262156636168004,0.17547017094867212,0.32165176491082553,-0.16641148465287936,0.1733957755682285
SPGI,SPGI,S&P Global,Financials,Financial Exchanges & Data,0.0006957565391360926,0.017577828843361724,0.17533064786229532,0.27903938224795954,-0.15189320943421314,0.1385577451717872
OXY,OXY,Occidental Petroleum,Energy,Oil & Gas Exploration & Production,0.0006954259404049487,0.034799725685522954,0.17524733698204709,0.5524285191429629,-0.5201378949564661,0.3369777653301296
VTR,VTR,Ventas,Real Estate,Health Care REITs,0.0006925874875133361,0.024297337872021638,0.17453204685336068,0.3857082811816835,-0.2859290121465382,0.21775660262328445
NWSA,NWSA,News Corp (Class A),Communication Services,Publishing,0.0006905642138313709,0.019472041888064385,0.17402218188550544,0.30910908212670585,-0.1327927675370364,0.13557499076104906
LHX,LHX,L3Harris,Industrials,Aerospace & Defense,0.0006896341437262304,0.01686129863670678,0.17378780421901005,0.2676648178459114,-0.14299407978193113,0.10983434260629088
UAL,UAL,United Airlines Holdings,Industrials,Passenger Airlines,0.0006879963549737189,0.03584500995408507,0.17337508145337716,0.5690218924868633,-0.3029018875910585,0.26144256288951184
SHW,SHW,Sherwin-Williams,Materials,Specialty Chemicals,0.0006832831611179375,0.017746422256967903,0.17218735660172024,0.281715719718472,-0.18676999435888253,0.14449213074629697
CSCO,CSCO,Cisco,Information Technology,Communications Equipment,0.0006786574459153778,0.016862151066621638,0.1710216763706752,0.2676783497513003,-0.13730357190817355,0.1337349539961974
L,L,Loews Corporation,Financials,Multi-line Insurance,0.0006770430984233023,0.017762079353708705,0.17061486080267219,0.28196426842384864,-0.16461083266516474,0.1344994687693839
WM,WM,Waste Management,Industrials,Environmental & Facilities Services,0.000675668437417004,0.013193374242480934,0.17026844622908502,0.2094383231964584,-0.11121260205624661,0.09049957126798636
CVX,CVX,Chevron Corporation,Energy,Integrated Oil & Gas,0.0006753592439576254,0.020118559514459657,0.1701905294773216,0.3193722312726758,-0.22124772183287256,0.22740680980411065
SPG,SPG,Simon Property Group,Real Estate,Retail REITs,0.0006740067495065949,0.026217848241306917,0.16984970087566192,0.4161954381463815,-0.2671268480732496,0.27869398401315637
EA,EA,Electronic Arts,Communication Services,Interactive Home Entertainment,0.0006739430681231187,0.017733156539944065,0.1698336531670259,0.2815051329892238,-0.16698282922510665,0.1605230483165485
DGX,DGX,Quest Diagnostics,Health Care,Health Care Services,0.0006719092877155405,0.015893710161829167,0.1693211405043162,0.25230482699004075,-0.10726450381093233,0.12591742715500187
INTU,INTU,Intuit,Information Technology,Application Software,0.0006717033858920394,0.022701352127593052,0.16926925324479394,0.3603727929271095,-0.14476552557311761,0.20080101500144143
GILD,GILD,Gilead Sciences,Health Care,Biotechnology,0.0006701007239595561,0.016311124635495656,0.16886538243780813,0.2589310763358035,-0.10150070245206466,0.1292024828995706
PNR,PNR,Pentair,Industrials,Industrial Machinery & Supplies & Components,0.0006691204546349195,0.01998676308463779,0.1686183545679997,0.3172800278107068,-0.15761761702084598,0.1820568287109654
DLR,DLR,Digital Realty,Real Estate,Data Center REITs,0.000668551202624272,0.01878490703601912,0.16847490306131654,0.2982011545126443,-0.10973574818206233,0.11844666220631384
NOC,NOC,Northrop Grumman,Industrials,Aerospace & Defense,0.0006680787700097718,0.01705785339441339,0.16835585004246248,0.27078502789330083,-0.1265693655914807,0.13001122149855582
WFC,WFC,Wells Fargo,Financials,Diversified Banks,0.0006629882984854867,0.022288065033209185,0.16707305121834265,0.35381206369623636,-0.1586762613058501,0.1453466644984749
MTD,MTD,Mettler Toledo,Health Care,Life Sciences Tools & Services,0.0006621465847598674,0.019951218559098885,0.1668609393594866,0.31671577596043243,-0.10577602585603663,0.17035534831168797
TXT,TXT,Textron,Industrials,Aerospace & Defense,0.0006599173009614957,0.022676422384484925,0.16629915984229693,0.35997704552403254,-0.1707480131365896,0.1620114930854062
V,V,Visa Inc.,Financials,Transaction & Payment Processing Services,0.0006597071715473381,0.016372756915424176,0.1662462072299292,0.25990945844835217,-0.13547202049631824,0.13842630569099956
LH,LH,Labcorp,Health Care,Health Care Services,0.000655537276957509,0.018026680807562742,0.16519539379329226,0.28616468628451214,-0.19275598664025262,0.1289301574153452
NSC,NSC,Norfolk Southern,Industrials,Rail Transportation,0.000652851686277016,0.018248468549499464,0.16451862494180802,0.28968545753855496,-0.13904369538781614,0.17959297768221472
CTRA,CTRA,Coterra,Energy,Oil & Gas Exploration & Production,0.0006525063639373221,0.023188720247425274,0.16443160371220517,0.36810952197921265,-0.12069780413738307,0.1562941614340525
ROL,ROL,"Rollins, Inc.",Industrials,Environmental & Facilities Services,0.0006524871688619359,0.016886520680456218,0.16442676655320784,0.2680652053778182,-0.10806010649154185,0.10044515047890035
TRMB,TRMB,Trimble Inc.,Information Technology,Application Software,0.0006499755130746016,0.02243737038519118,0.1637938292947996,0.3561822126807683,-0.1859765389801109,0.18808631736778736
PCG,PCG,PG&E Corporation,Utilities,Multi-Utilities,0.0006456477335352869,0.040520887355777066,0.1627032288508923,0.6432491450822866,-0.5235930092326593,0.7459325224382023
VICI,VICI,Vici Properties,Real Estate,Hotel & Resort REITs,0.0006425611353472433,0.018995610375448675,0.16192540610750533,0.30154596633189285,-0.28636368156284764,0.17696414040976705
TSCO,TSCO,Tractor Supply,Consumer Discretionary,Other Specialty Retail,0.0006405672012197033,0.018652064597120023,0.16142293470736524,0.29609234617135044,-0.1251806012931984,0.10641505227620729
MO,MO,Altria,Consumer Staples,Tobacco,0.0006346013151162042,0.015120307018889246,0.15991953140928347,0.24002743271355212,-0.10029679160321969,0.10021983222841513
HII,HII,Huntington Ingalls Industries,Industrials,Aerospace & Defense,0.0006342004652233138,0.020093761698645376,0.15981851723627508,0.31897857815046277,-0.2616072630496905,0.12356357457323797
HBAN,HBAN,Huntington Bancshares,Financials,Regional Banks,0.000632120746353852,0.023525335007320083,0.1592944280811707,0.37345311563310496,-0.1682872344645655,0.17733978185717425
GD,GD,General Dynamics,Industrials,Aerospace & Defense,0.0006307402575705355,0.015074025482552902,0.15894654490777493,0.23929273610091234,-0.10926214550008595,0.09147541878513099
DAL,DAL,Delta Air Lines,Industrials,Passenger Airlines,0.0006304995272249736,0.02912803046390914,0.15888588086069336,0.4623931487317017,-0.25992441402660715,0.23383502708113046
CSX,CSX,CSX Corporation,Industrials,Rail Transportation,0.0006294353655860153,0.017317779084496183,0.15861771212767584,0.2749112203051963,-0.15550582816439573,0.16449874950748877
TTWO,TTWO,Take-Two Interactive,Communication Services,Interactive Home Entertainment,0.0006204520231625608,0.0213199038876904,0.15635390983696532,0.33844298197576766,-0.13757108780203542,0.1403211830045361
ADM,ADM,Archer Daniels Midland,Consumer Staples,Agricultural Products & Services,0.0006144725335982062,0.018198518801977894,0.15484707846674797,0.2888925298785997,-0.24197101575200797,0.10269521528200398
ITW,ITW,Illinois Tool Works,Industrials,Industrial Machinery & Supplies & Components,0.0006121585638393795,0.015898458280894614,0.15426395808752363,0.25238020104349573,-0.11512960209667189,0.166060191843165
NI,NI,NiSource,Utilities,Multi-Utilities,0.0006117855917768778,0.015518761636704143,0.1541699691277732,0.24635270367845316,-0.16838768479294142,0.1733525830649476
EXPD,EXPD,Expeditors International,Industrials,Air Freight & Logistics,0.0006115480950638493,0.01660934420103563,0.15411011995609003,0.2636651651748785,-0.13175614251326362,0.12943072091497143
ADSK,ADSK,Autodesk,Information Technology,Application Software,0.0006081118342323482,0.02309694518503175,0.15324418222655173,0.3666526380293084,-0.15493423060366984,0.1619852851418888
MTB,MTB,M&T Bank,Financials,Regional Banks,0.0006064071431592723,0.022899111159499243,0.15281460007613662,0.36351212023475354,-0.13888916031086862,0.25095940165001407
ATO,ATO,Atmos Energy,Utilities,Gas Utilities,0.0006052643703348005,0.014356233475227641,0.15252662132436973,0.22789814123419738,-0.12496176140157655,0.15382127095937714
APD,APD,Air Products,Materials,Industrial Gases,0.0006037501313400734,0.017873335177124354,0.1521450330976985,0.28373039986784176,-0.15551770468961112,0.1372332958742224
AON,AON,Aon plc,Financials,Insurance Brokers,0.0005985949534846721,0.016163071531906433,0.15084592827813736,0.25658080617823326,-0.16703144337878473,0.141325208802618
EFX,EFX,Equifax,Industrials,Research & Consulting Services,0.0005967864238806327,0.020863839065138032,0.15039017881791944,0.33120317736257743,-0.12110249834954645,0.14940571531833458
GEN,GEN,Gen Digital,Information Technology,Systems Software,0.0005961565052226517,0.020434935157221383,0.15023143931610825,0.32439453890243025,-0.13284616898277268,0.15339226264524153
DASH,DASH,DoorDash,Consumer Discretionary,Specialized Consumer Services,0.0005939304322842905,0.03604720611600159,0.1496704689356412,0.5722316570497604,-0.17453778691652444,0.22149112419781192
RMD,RMD,ResMed,Health Care,Health Care Equipment,0.0005937473862008594,0.021341065326963945,0.14962434132261657,0.3387789094099796,-0.19386194594415773,0.18885622008904757
LMT,LMT,Lockheed Martin,Industrials,Aerospace & Defense,0.000592755491843618,0.015945185506513485,0.14937438394459174,0.253121972754157,-0.1276162268279063,0.10727930777608163
BRO,BRO,Brown & Brown,Financials,Insurance Brokers,0.0005915719139768914,0.016293431836769925,0.14907612232217662,0.25865021186325343,-0.1265061528228436,0.12255232787338954
HD,HD,Home Depot (The),Consumer Discretionary,Home Improvement Retail,0.0005913099901155286,0.01686557223489609,0.1490101175091132,0.26773265911398536,-0.1979383431192956,0.13750838546580813
UNP,UNP,Union Pacific Corporation,Industrials,Rail Transportation,0.0005877677508051696,0.016653674637935593,0.14811747320290272,0.26436888904416733,-0.130344208009885,0.13004182340323456
AEP,AEP,American Electric Power,Utilities,Electric Utilities,0.0005852011094113501,0.01422818183646832,0.14747067957166024,0.22586538448740873,-0.1158273010276798,0.11682602065676817
TMO,TMO,Thermo Fisher Scientific,Health Care,Life Sciences Tools & Services,0.000585190645803338,0.017708829075630764,0.14746804274244116,0.28111894646561303,-0.09198795684337624,0.10470026725162174
SRE,SRE,Sempra,Utilities,Multi-Utilities,0.0005839853757356654,0.016733059205812157,0.14716431468538768,0.2656290799913936,-0.1897224665534224,0.11357285468657352
EXR,EXR,Extra Space Storage,Real Estate,Self-Storage REITs,0.0005811947770257022,0.018165797369706888,0.14646108381047696,0.28837309324461413,-0.15469087336339504,0.10569060985657819
STE,STE,Steris,Health Care,Health Care Equipment,0.0005801336553921338,0.017025037829404083,0.14619368115881773,0.27026409694842063,-0.11585588166896754,0.10006806459113848
MRSH,MRSH,Marsh McLennan,Financials,Insurance Brokers,0.0005799694414482348,0.014152853529099648,0.14615229924495518,0.22466958467952308,-0.12067487173180091,0.13352431388842922
SYK,SYK,Stryker Corporation,Health Care,Health Care Equipment,0.0005770628893506569,0.017799275130419564,0.14541984811636552,0.28255473307384155,-0.1310592985331005,0.13391273000422
FFIV,FFIV,"F5, Inc.",Information Technology,Communications Equipment,0.0005756104210673565,0.01968082861827425,0.14505382610897383,0.3124234687178197,-0.12841013194276463,0.12990600709470557
ERIE,ERIE,Erie Indemnity,Financials,Insurance Brokers,0.0005736206280409308,0.02026041596937164,0.14455239826631458,0.3216241326820739,-0.14970753286927163,0.18019453092945237
SBUX,SBUX,Starbucks,Consumer Discretionary,Restaurants,0.0005656216333614495,0.02035288511030621,0.14253665160708529,0.32309203478723786,-0.16204215346492312,0.24496950044707266
REGN,REGN,Regeneron Pharmaceuticals,Health Care,Biotechnology,0.0005618120714774478,0.02024232860713329,0.14157664201231684,0.321337004707939,-0.19014192784855255,0.18846828176341246
AVY,AVY,Avery Dennison,Materials,Paper & Plastic Packaging Products & Materials,0.0005597450002993663,0.01823769106267972,0.1410557400754403,0.289514370239255,-0.13270920438877387,0.22869844854157417
WBD,WBD,Warner Bros. Discovery,Communication Services,Broadcasting,0.0005580630561089572,0.03255372831771833,0.14063189013945723,0.5167744162598625,-0.27445884803672893,0.28947369421718205
ICE,ICE,Intercontinental Exchange,Financials,Financial Exchanges & Data,0.0005578968155609819,0.014790740298151316,0.14058999752136744,0.23479572321269832,-0.12285401841116639,0.10187002730365635
HST,HST,Host Hotels & Resorts,Real Estate,Hotel & Resort REITs,0.0005571550676240649,0.02352955321326438,0.14040307704126437,0.3735200775765497,-0.15688013441410908,0.30028587114889027
CCL,CCL,Carnival,Consumer Discretionary,"Hotels, Resorts & Cruise Lines",0.0005547440942894936,0.041364350000780585,0.13979551176095237,0.656638699475399,-0.3318147322708146,0.39290888467110663
LNT,LNT,Alliant Energy,Utilities,Electric Utilities,0.0005538484649893273,0.014258980219469811,0.1395698131773105,0.22635429366063792,-0.09615766419734706,0.1011353110511044
CRL,CRL,Charles River Laboratories,Health Care,Life Sciences Tools & Services,0.0005534566322554489,0.025850434355992793,0.1394710713283731,0.41036292353374243,-0.281297248261264,0.1868122075597176
CDW,CDW,CDW Corporation,Information Technology,Technology Distributors,0.0005481446107063693,0.020043012772327822,0.13813244189800508,0.31817296392042405,-0.14146118747405168,0.10746710166458251
AMGN,AMGN,Amgen,Health Care,Biotechnology,0.0005468826138412719,0.01630231546557177,0.1378144186880005,0.2587912350985504,-0.08260747182920791,0.11817944884861165
DHR,DHR,Danaher Corporation,Health Care,Life Sciences Tools & Services,0.0005463788204629884,0.017529654465303433,0.13768746275667307,0.2782746377045149,-0.09728050624363971,0.09877463253755914
BRK-B,BRK.B,Berkshire Hathaway,Financials,Multi-Sector Holdings,0.0005451992989127545,0.012786691112094396,0.13739022332601414,0.20298242864401017,-0.09592066495833662,0.11609929268658559
REG,REG,Regency Centers,Real Estate,Retail REITs,0.0005424831640804961,0.020702207641274166,0.13670575734828502,0.3286373580529951,-0.20742428442898087,0.34977953631246317
FOXA,FOXA,Fox Corporation (Class A),Communication Services,Broadcasting,0.0005422778606165889,0.02016042740450834,0.13665402087538042,0.3200368634226027,-0.11137599958389388,0.12376655742605269
WYNN,WYNN,Wynn Resorts,Consumer Discretionary,Casinos & Gaming,0.0005409588992552136,0.03128768685509488,0.13632164261231383,0.49667663110227384,-0.24434649914556694,0.2768824765376605
AEE,AEE,Ameren,Utilities,Multi-Utilities,0.0005399085265217691,0.014768464140730918,0.1360569486834858,0.23444210017649533,-0.1339461962705465,0.17801333416014709
EPAM,EPAM,EPAM Systems,Information Technology,IT Consulting & Other Services,0.0005398983136843756,0.03187942075319273,0.13605437504846266,0.5060701155224363,-0.45676331883276866,0.2518663776464971
OTIS,OTIS,Otis Worldwide,Industrials,Industrial Machinery & Supplies & Components,0.0005395915557617899,0.01599346893607307,0.13597707205197104,0.25388844843651676,-0.12377461749617102,0.11453798904397261
WEC,WEC,WEC Energy Group,Utilities,Electric Utilities,0.0005387964979086439,0.014701683731672943,0.13577671747297826,0.23338199404758392,-0.18051120720082903,0.13147147446762464
TYL,TYL,Tyler Technologies,Information Technology,Application Software,0.0005344554801465516,0.019508349965169328,0.134682780996931,0.30968545498232164,-0.1538982798970615,0.10276939962774478
ZBRA,ZBRA,Zebra Technologies,Information Technology,Electronic Equipment & Instruments,0.000534189495086676,0.02566096972865338,0.13461575276184234,0.4073552658166407,-0.17271719917675077,0.15193748842520716
EG,EG,Everest Group,Financials,Reinsurance,0.0005337982305964109,0.018441372313929214,0.13451715411029555,0.29274770986445076,-0.14303812302265684,0.11725679145464718
TFC,TFC,Truist Financial,Financials,Diversified Banks,0.0005304000286276433,0.02349710499729852,0.13366080721416612,0.37300497811694944,-0.1909548495306107,0.1724404642307369
PRU,PRU,Prudential Financial,Financials,Life & Health Insurance,0.000529376247762152,0.021731956403963117,0.1334028144360623,0.34498411288670366,-0.20113820971255025,0.21035155601748046
AKAM,AKAM,Akamai Technologies,Information Technology,Internet Services & Infrastructure,0.0005259730935779323,0.02062384240026014,0.13254521958163895,0.32739334841806655,-0.21728038036925557,0.14712325840780172
XEL,XEL,Xcel Energy,Utilities,Multi-Utilities,0.0005255568994689415,0.014757994149105431,0.13244033866617327,0.2342758942120755,-0.12691817403650696,0.11257721428942391
DTE,DTE,DTE Energy,Utilities,Multi-Utilities,0.0005236445074951846,0.015292829912877514,0.13195841588878654,0.24276614875130084,-0.1390502263743737,0.1264157245602775
XYL,XYL,Xylem Inc.,Industrials,Industrial Machinery & Supplies & Components,0.0005230225430937967,0.01835161980935474,0.13180168085963676,0.2913229330245553,-0.12027254343527916,0.11261946811459844
NCLH,NCLH,Norwegian Cruise Line Holdings,Consumer Discretionary,"Hotels, Resorts & Cruise Lines",0.000522558264481604,0.04394163850518602,0.13168468264936423,0.6975518861125334,-0.35795077911005246,0.4219234634452791
PSA,PSA,Public Storage,Real Estate,Self-Storage REITs,0.0005217967025863826,0.015682831781558403,0.1314927690517684,0.24895723648358145,-0.11531207155387468,0.06361194777719015
CNP,CNP,CenterPoint Energy,Utilities,Multi-Utilities,0.0005201575236859405,0.017961560442318104,0.131079695968857,0.2851309325341741,-0.19742783800122343,0.17387835048283584
CME,CME,CME Group,Financials,Financial Exchanges & Data,0.0005194591531451388,0.01607120100910333,0.130903706592575,0.25512240684130627,-0.18389119349642846,0.11840334699835475
BBY,BBY,Best Buy,Consumer Discretionary,Computer & Electronics Retail,0.0005193356358394918,0.0244115477173544,0.13087258023155193,0.38752130626983733,-0.17839692671794838,0.16788339713893974
PTC,PTC,PTC Inc.,Information Technology,Application Software,0.0005188881664152795,0.02165004396612611,0.13075981793665042,0.34368379324790516,-0.20414844170030555,0.17646734712850742
HSY,HSY,Hershey Company (The),Consumer Staples,Packaged Foods & Meats,0.0005170405759289857,0.015156569664717718,0.13029422513410438,0.24060308437001224,-0.1652768062883968,0.10847155004380604
UNH,UNH,UnitedHealth Group,Health Care,Managed Health Care,0.0005158250758617378,0.020955191370098276,0.12998791911715793,0.33265335024628145,-0.22379663475756673,0.12798943570898458
TECH,TECH,Bio-Techne,Health Care,Life Sciences Tools & Services,0.0005133679271198616,0.023012177154763155,0.12936871763420513,0.3653069872659914,-0.10891090591828967,0.1621579407684015
ECL,ECL,Ecolab,Materials,Specialty Chemicals,0.0005124026430779727,0.017497469729338105,0.12912546605564912,0.2777637208602557,-0.1174233420080808,0.2216101200261229
CPAY,CPAY,Corpay,Financials,Transaction & Payment Processing Services,0.0005109475277820163,0.021759772011957917,0.1287587770010681,0.3454256719746255,-0.11405217389231836,0.1594502365667796
EW,EW,Edwards Lifesciences,Health Care,Health Care Equipment,0.0005092466414084088,0.02102939307470523,0.128330153634919,0.3338312657897639,-0.31339847201516924,0.17592064963836074
HON,HON,Honeywell,Industrials,Industrial Conglomerates,0.0005056054433065462,0.0161194463461279,0.12741257171324966,0.25588827782341933,-0.12086837184344068,0.15068389994233455
A,A,Agilent Technologies,Health Care,Life Sciences Tools & Services,0.0005023270613392993,0.018406228575771233,0.12658641945750343,0.2921898203166076,-0.11011700062019536,0.09839381094229482
PEG,PEG,Public Service Enterprise Group,Utilities,Electric Utilities,0.0005002106205463914,0.014820018392250675,0.12605307637769061,0.23526049854779144,-0.11188487241551226,0.10634751282003352
ALLE,ALLE,Allegion,Industrials,Building Products,0.0004997061928608052,0.018126918249213673,0.1259259606009229,0.2877559063405064,-0.12359856121368584,0.12434535391236579
USB,USB,U.S. Bancorp,Financials,Diversified Banks,0.0004993026398892965,0.021322553955222794,0.12582426525210272,0.33848505049365707,-0.14440528686163145,0.17367894404429962
JNJ,JNJ,Johnson & Johnson,Health Care,Pharmaceuticals,0.0004989293403032303,0.012037746777569467,0.12573019375641403,0.1910933059141078,-0.07591648932719319,0.07997743432693127
DD,DD,DuPont,Materials,Specialty Chemicals,0.0004984151853684515,0.021529239985228318,0.12560062671284977,0.3417660895028522,-0.14044713827077782,0.17815369594472896
HAS,HAS,Hasbro,Consumer Discretionary,Leisure Products,0.000498085555313714,0.022753679549349395,0.12551755993905592,0.36120346499540834,-0.18702309661587524,0.21669562920348828
YUM,YUM,Yum! Brands,Consumer Discretionary,Restaurants,0.0004977273459965403,0.015391299557851956,0.12542729119112817,0.244329305905048,-0.10999250778707059,0.23248400572377448
WAT,WAT,Waters Corporation,Health Care,Life Sciences Tools & Services,0.0004967749805631665,0.0207565645613889,0.12518729510191798,0.329500247408949,-0.13939519186279037,0.19838447899953038
T,T,AT&T,Communication Services,Integrated Telecommunication Services,0.0004952112217807521,0.015737929841213433,0.12479322788874954,0.24983189106499792,-0.10406098309317224,0.10022356695069279
WTW,WTW,Willis Towers Watson,Financials,Insurance Brokers,0.0004946658613010407,0.01656910002051492,0.12465579704786227,0.2630263086146261,-0.12104593820009357,0.15105732030714392
CI,CI,Cigna,Health Care,Health Care Services,0.000493677473945007,0.02078243587241065,0.12440672343414177,0.32991094173927754,-0.17391005624128464,0.16680830552470272
EVRG,EVRG,Evergy,Utilities,Electric Utilities,0.0004912863349603361,0.01570967806104606,0.1238041564100047,0.24938340795849148,-0.16060248936876564,0.16048403999231797
UHS,UHS,Universal Health Services,Health Care,Health Care Facilities,0.0004909193775001745,0.02343601877010308,0.12371168313004398,0.3720352643228075,-0.22257109071036618,0.2533607506027691
LYB,LYB,LyondellBasell,Materials,Specialty Chemicals,0.000489835890058319,0.024973866064030056,0.12343864429469639,0.39644783328755406,-0.2549102799800198,0.19541580965127192
ALGN,ALGN,Align Technology,Health Care,Health Care Supplies,0.00048793062463068173,0.03307222128089065,0.1229585174069318,0.5250052368824082,-0.3662622691693168,0.3496620537845849
DUK,DUK,Duke Energy,Utilities,Electric Utilities,0.0004869512361799452,0.013878068859268702,0.12271171151734618,0.220307513276729,-0.11502107193502098,0.12300838143362292
EXC,EXC,Exelon,Utilities,Electric Utilities,0.0004862377298572983,0.01632069227165513,0.12253190792403917,0.25908295785127977,-0.16089120651621058,0.17994105072933264
POOL,POOL,Pool Corporation,Consumer Discretionary,Distributors,0.00048414111616159526,0.021763649332643364,0.12200356127272201,0.3454872225323471,-0.16789565637106274,0.12952712488547657
ELV,ELV,Elevance Health,Health Care,Managed Health Care,0.0004829072305771792,0.021085359965220436,0.12169262210544915,0.3347197126335048,-0.17126606410804468,0.1561742478023136
ADP,ADP,Automatic Data Processing,Industrials,Human Resource & Employment Services,0.00048289839491300285,0.016203576813396802,0.12169039551807671,0.2572238075878824,-0.15252600562050023,0.11803565337845923
KO,KO,Coca-Cola Company (The),Consumer Staples,Soft Drinks & Non-alcoholic Beverages,0.00048278604403399734,0.012456518523745547,0.12166208309656733,0.19774110129300085,-0.09672467024555065,0.06479560514059113
MRK,MRK,Merck & Co.,Health Care,Pharmaceuticals,0.0004824354552910988,0.01514081168848656,0.12157373473335689,0.24035293425237236,-0.0986301048573679,0.08374384696858561
VRSN,VRSN,Verisign,Information Technology,Internet Services & Infrastructure,0.00048038068491701897,0.016912440648141666,0.12105593259908878,0.2684766721087373,-0.14264465771249224,0.12806768325772433
IEX,IEX,IDEX Corporation,Industrials,Industrial Machinery & Supplies & Components,0.0004802055167486985,0.016320638193765856,0.12101179022067203,0.2590820993914011,-0.11578142239844569,0.08867753275806978
WY,WY,Weyerhaeuser,Real Estate,Timber REITs,0.0004772988556071971,0.022153802213166193,0.12027931161301367,0.35168070750330055,-0.22673342114505735,0.2531552243302062
CMS,CMS,CMS Energy,Utilities,Multi-Utilities,0.000466420017200917,0.014003521440915587,0.11753784433463109,0.22229901127094112,-0.12285367254539847,0.1381913911116781
INVH,INVH,Invitation Homes,Real Estate,Single-Family Residential REITs,0.0004646968249180082,0.017227447734030406,0.11710359987933806,0.27347725457164596,-0.23548987651442876,0.12461228179491424
MCD,MCD,McDonald's,Consumer Discretionary,Restaurants,0.0004614389937798691,0.01357462775923358,0.11628262643252701,0.21549053514723618,-0.1587535446965327,0.18125466615935903
PAYX,PAYX,Paychex,Industrials,Human Resource & Employment Services,0.00045899312527179103,0.01723621912972303,0.11566626756849134,0.27361649616156775,-0.19480149774769895,0.18198067617561708
ED,ED,Consolidated Edison,Utilities,Multi-Utilities,0.0004576782182018406,0.014200158763494229,0.11533491098686383,0.22542053199504117,-0.13134468553691314,0.18013821468938396
AES,AES,AES Corporation,Utilities,Independent Power Producers & Energy Traders,0.00045765739853079505,0.024910827722280288,0.11532966442976035,0.39544713063556336,-0.17766206750623115,0.1978319969907687
FOX,FOX,Fox Corporation (Class B),Communication Services,Broadcasting,0.00045749891461868746,0.019592830972593296,0.11528972648390924,0.3110265493992338,-0.10406499197171881,0.13246890215497964
EIX,EIX,Edison International,Utilities,Electric Utilities,0.0004566579942514869,0.018225239370333674,0.1150778145513747,0.28931670575115787,-0.13333334614302694,0.13289852456532647
BR,BR,Broadridge Financial Solutions,Industrials,Data Processing & Outsourced Services,0.0004565355576099899,0.015701398936479642,0.11504696051771746,0.2492519809304351,-0.08808276741487364,0.1254450208473088
MAA,MAA,Mid-America Apartment Communities,Real Estate,Multi-Family Residential REITs,0.00045625317892970026,0.016356819129356295,0.11497580109028446,0.25965645393804476,-0.1670634138543936,0.11631848943839707
SWKS,SWKS,Skyworks Solutions,Information Technology,Semiconductors,0.00045253241707620345,0.026529232979000252,0.11403816910320327,0.4211385176143674,-0.2466697465559139,0.22499998583975467
VRSK,VRSK,Verisk Analytics,Industrials,Research & Consulting Services,0.0004512788656310378,0.01623848981328541,0.11372227413902153,0.2577780342792532,-0.10679207322680795,0.13286027321500016
PG,PG,Procter & Gamble,Consumer Staples,Personal Care Products,0.0004490979797320801,0.012669370181555386,0.11317269089248419,0.20112001660927678,-0.0873735433504963,0.12009039491306162
PPL,PPL,PPL Corporation,Utilities,Electric Utilities,0.0004487643128619135,0.015316652278196972,0.1130886068412022,0.24314431707696055,-0.13712624063262735,0.14254950816052703
CRM,CRM,Salesforce,Information Technology,Application Software,0.0004457776823043906,0.02365060864948338,0.11233597594070643,0.37544177305107723,-0.19737143520753442,0.26044903674389785
CVS,CVS,CVS Health,Health Care,Health Care Services,0.0004454661256150176,0.019163887815270612,0.11225746365498444,0.30421728787408175,-0.16836491793526864,0.14945461563420404
BEN,BEN,Franklin Resources,Financials,Asset Management & Custody Banks,0.00044248538778852124,0.022381427408508844,0.11150631772270735,0.35529414545735544,-0.13616473989889455,0.1351348880198806
FE,FE,FirstEnergy,Utilities,Electric Utilities,0.00043768827522989783,0.01658483087396117,0.11029744535793426,0.2632760281714036,-0.20905106948880792,0.16938755991684973
BSX,BSX,Boston Scientific,Health Care,Health Care Equipment,0.00043487859450588547,0.017715110538894765,0.10958940581548314,0.2812186616036098,-0.17594414170854633,0.09252804478156285
SYY,SYY,Sysco,Consumer Staples,Food Distributors,0.000433336523589673,0.021120479856575145,0.1092008039445976,0.33527722362508183,-0.21106093318698793,0.18790018429431576
TROW,TROW,T. Rowe Price,Financials,Asset Management & Custody Banks,0.0004325624761860434,0.020453574808482426,0.10900574399888294,0.32469043419300037,-0.1306862283016218,0.18165795077021252
GDDY,GDDY,GoDaddy,Information Technology,Internet Services & Infrastructure,0.00043173544524593185,0.022397474197167314,0.10879733220197482,0.3555488803301446,-0.1916287979580158,0.17510766527310673
INCY,INCY,Incyte,Health Care,Biotechnology,0.0004243111683584337,0.020113094116072375,0.10692641442632529,0.31928547076298397,-0.09386994975266816,0.12041400119858947
MDLZ,MDLZ,Mondelez International,Consumer Staples,Packaged Foods & Meats,0.00042332518924995154,0.01354759434872759,0.10667794769098779,0.21506139305950356,-0.11429676884149986,0.1128071352164044
DPZ,DPZ,Domino's,Consumer Discretionary,Restaurants,0.0004199214767579843,0.01983807318862151,0.10582021214301204,0.31491964888674395,-0.13571536219518976,0.2560079272729934
AOS,AOS,A. O. Smith,Industrials,Building Products,0.00041979082866422303,0.018123053220045496,0.1057872888233842,0.28769455090457235,-0.09390832105018543,0.13666859475611814
HPQ,HPQ,HP Inc.,Information Technology,"Technology Hardware, Storage & Peripherals",0.00041916656443841973,0.023518722619672642,0.10562997423848178,0.37334814723338,-0.17274643135262213,0.16951228703053656
LVS,LVS,Las Vegas Sands,Consumer Discretionary,Casinos & Gaming,0.0004157808371883661,0.026550775899106836,0.10477677097146826,0.4214805008690643,-0.17588241837750673,0.1506304578195996
PEP,PEP,PepsiCo,Consumer Staples,Soft Drinks & Non-alcoholic Beverages,0.0004141299375538558,0.013338695809926013,0.10436074426357166,0.21174523156202107,-0.1142831971779601,0.12936590328574415
MOS,MOS,Mosaic Company (The),Materials,Fertilizers & Agricultural Chemicals,0.0004129357970412139,0.03043110896622726,0.1040598208543859,0.48307887866727117,-0.27507763764922033,0.17261070348578267
ABNB,ABNB,Airbnb,Consumer Discretionary,"Hotels, Resorts & Cruise Lines",0.0004128244170648338,0.02915675829222836,0.10403175310033812,0.46284918886833937,-0.1342503345249787,0.14788529560384034
IQV,IQV,IQVIA,Health Care,Life Sciences Tools & Services,0.000409514066890316,0.021509140538253854,0.10319754485635964,0.34144702067374605,-0.16538215975692494,0.1787870971854082
PNW,PNW,Pinnacle West Capital,Utilities,Multi-Utilities,0.00040919131846084975,0.015505264645291904,0.10311621225213413,0.246138445582107,-0.1650115377224859,0.12923244565137781
LULU,LULU,Lululemon Athletica,Consumer Discretionary,"Apparel, Accessories & Luxury Goods",0.00040839440652699525,0.026245906526034087,0.1029153904448028,0.4166408496080003,-0.21369167905211284,0.15889912976090947
AWK,AWK,American Water Works,Utilities,Water Utilities,0.0004034989058629894,0.016214115187619588,0.10168172427747332,0.2573910990923809,-0.1253476982065952,0.16572641710655778
BALL,BALL,Ball Corporation,Materials,"Metal, Glass & Plastic Containers",0.00040225343795082896,0.01923678572642338,0.1013678663636089,0.3053745063381196,-0.18582618707369192,0.1339457521249252
DOW,DOW,Dow Inc.,Materials,Commodity Chemicals,0.0004009934269812631,0.024366953509464443,0.10105034359927831,0.38681339516589286,-0.21657675243624297,0.20909065327342935
APTV,APTV,Aptiv,Consumer Discretionary,Automotive Parts & Equipment,0.00039834091295459724,0.02783880555952509,0.1003819100645585,0.44192733784551436,-0.3055268415784145,0.20953808506286187
CL,CL,Colgate-Palmolive,Consumer Staples,Household Products,0.0003967272518577152,0.01286981861056087,0.09997526746814424,0.20430203677232936,-0.09782917668377844,0.12608258255979576
SBAC,SBAC,SBA Communications,Real Estate,Telecom Tower REITs,0.0003950199275667748,0.019012161918253122,0.09954502174682725,0.3018087139283429,-0.08932588209464953,0.18932149795843878
UPS,UPS,United Parcel Service,Industrials,Air Freight & Logistics,0.00039453677510760507,0.018702822754989572,0.09942326732711648,0.29689810694773394,-0.14112719771876892,0.1437582101362027
CPT,CPT,Camden Property Trust,Real Estate,Multi-Family Residential REITs,0.0003881285453341686,0.01664870786056205,0.0978083934242105,0.2642900438976804,-0.17891003578596099,0.11104980992616831
O,O,Realty Income,Real Estate,Retail REITs,0.00038323876895932557,0.017367323980182498,0.09657616977775005,0.2756977211415081,-0.24930468501373626,0.16912778152214414
CHD,CHD,Church & Dwight,Consumer Staples,Household Products,0.0003809051722656142,0.014101060626708312,0.09598810341093478,0.22384739784308877,-0.08564592070820831,0.13668718459637996
TSN,TSN,Tyson Foods,Consumer Staples,Packaged Foods & Meats,0.00037917437529260637,0.018289016839861016,0.09555194257373681,0.29032914169286794,-0.16411276493490923,0.22702584064958597
OMC,OMC,Omnicom Group,Communication Services,Advertising,0.00036875855882721503,0.019571902122755006,0.09292715682445819,0.31069431420784144,-0.11147403174004733,0.15364872575071398
GPC,GPC,Genuine Parts Company,Consumer Discretionary,Distributors,0.0003637781274291732,0.01928343820305491,0.09167208811215165,0.30611509144539323,-0.2096840244981406,0.20918683896277668
FTV,FTV,Fortive,Industrials,Industrial Machinery & Supplies & Components,0.0003630423858734692,0.018003969779510638,0.09148668124011423,0.28580415989104524,-0.14432191104196723,0.18828842991616335
ZTS,ZTS,Zoetis,Health Care,Pharmaceuticals,0.00035969441779277604,0.0175787207670554,0.09064299328377956,0.27905354109765107,-0.14695580219228754,0.11979285891752456
FRT,FRT,Federal Realty Investment Trust,Real Estate,Retail REITs,0.00035841503936563787,0.020512799706509342,0.09032058992014075,0.32563060030261465,-0.2135416482769047,0.329029304821429
IT,IT,Gartner,Information Technology,IT Consulting & Other Services,0.0003557972698942652,0.022523763748710648,0.08966091201335483,0.3575536648095618,-0.2755486951199517,0.1639907605841695
ACN,ACN,Accenture,Information Technology,IT Consulting & Other Services,0.0003546941596393185,0.01810953802480253,0.08938292822910826,0.2874800038313721,-0.09588065609202434,0.128573461283225
ESS,ESS,Essex Property Trust,Real Estate,Multi-Family Residential REITs,0.0003482122658573017,0.017729906699297925,0.08774949099604003,0.2814535433683221,-0.18880771036887234,0.12013526029743282
AMT,AMT,American Tower,Real Estate,Telecom Tower REITs,0.0003454519426516512,0.01783545548884289,0.0870538895482161,0.28312907845824137,-0.1516379611508566,0.1222190599466686
ES,ES,Eversource Energy,Utilities,Electric Utilities,0.0003418434916769657,0.016796280438188226,0.08614455990259536,0.26663268594207024,-0.12820520412379832,0.14799932452432385
ABT,ABT,Abbott Laboratories,Health Care,Health Care Equipment,0.0003357144560809377,0.015708008667666473,0.0846000429323963,0.24935690716015516,-0.10038932532332812,0.10935971375878561
BMY,BMY,Bristol Myers Squibb,Health Care,Pharmaceuticals,0.00033285970123905995,0.0156467875149657,0.0838806447122431,0.24838505149001744,-0.13264151806898083,0.11442477558108632
DLTR,DLTR,Dollar Tree,Consumer Staples,Consumer Staples Merchandise Retail,0.00032732821826918804,0.024423236047091915,0.08248671100383538,0.3877068527522004,-0.22155541720172878,0.21865414712630127
AVB,AVB,AvalonBay Communities,Real Estate,Multi-Family Residential REITs,0.0003254285291144417,0.017030570348160214,0.08200798933683931,0.2703519229609358,-0.1537070070243689,0.11314617877064959
CNC,CNC,Centene Corporation,Health Care,Managed Health Care,0.00032225507239142865,0.025687949308372104,0.08120827824264001,0.4077835533671174,-0.40370701024843814,0.1560244400450732
DG,DG,Dollar General,Consumer Staples,Consumer Staples Merchandise Retail,0.00031591664821890934,0.02081820775036517,0.07961099535116516,0.33047880269726204,-0.3214631914692111,0.15848517113531502
ADBE,ADBE,Adobe Inc.,Information Technology,Application Software,0.0003134254853429324,0.02279046464626144,0.07898322230641897,0.36178741030570444,-0.1679317021312774,0.17719298245614046
VLTO,VLTO,Veralto,Industrials,Environmental & Facilities Services,0.0003119644777032466,0.014330754767059995,0.07861504838121815,0.2274936792809647,-0.06198040405656102,0.06809644825144412
EQR,EQR,Equity Residential,Real Estate,Multi-Family Residential REITs,0.0003088568283621452,0.01722529199897507,0.07783192074726059,0.2734430333385522,-0.1691345818077924,0.15062093903072404
ROP,ROP,Roper Technologies,Information Technology,Electronic Equipment & Instruments,0.0003031522055689938,0.015466619691000492,0.07639435580338644,0.2455249759512118,-0.10188938244651291,0.11238698758819488
JKHY,JKHY,Jack Henry & Associates,Financials,Transaction & Payment Processing Services,0.00029799424507405767,0.016126295441871524,0.07509454975866253,0.2559970038476791,-0.1287501795949928,0.09736935305556438
KDP,KDP,Keurig Dr Pepper,Consumer Staples,Soft Drinks & Non-alcoholic Beverages,0.00029617341577940125,0.015234377099968645,0.07463570077640912,0.2418382391129665,-0.1648913437438948,0.2214964237643422
FDS,FDS,FactSet,Financials,Financial Exchanges & Data,0.00029500644900163687,0.01847265118035918,0.07434162514841249,0.29324424647564495,-0.11102112936253061,0.1512398844210272
RVTY,RVTY,Revvity,Health Care,Health Care Equipment,0.00029025845578796894,0.020855251426804895,0.07314513085856818,0.33106685283030435,-0.16133647681384877,0.10404191029837428
IP,IP,International Paper,Materials,Paper & Plastic Packaging Products & Materials,0.0002877271540574753,0.021753435343549128,0.07250724282248378,0.34532508048212346,-0.12847288751931019,0.16841368900906972
PPG,PPG,PPG Industries,Materials,Specialty Chemicals,0.0002834242895419745,0.018461967810694334,0.07142292096457757,0.2930746532398608,-0.12496044334821732,0.13172434474075234
HSIC,HSIC,Henry Schein,Health Care,Health Care Distributors,0.00027836892937726636,0.018078090688328628,0.07014897020307112,0.2869807928411402,-0.09636625013890598,0.10782799019981604
UDR,UDR,"UDR, Inc.",Real Estate,Multi-Family Residential REITs,0.0002759359261861123,0.01751275075746834,0.0695358533989003,0.2780062996615156,-0.17554826733861506,0.13812621780781398
SJM,SJM,J.M. Smucker Company (The),Consumer Staples,Packaged Foods & Meats,0.0002752229273165348,0.01567393161712122,0.06935617768376677,0.24881595075321125,-0.15592307539310635,0.10376879140298634
CSGP,CSGP,CoStar Group,Real Estate,Real Estate Services,0.0002703141676725094,0.022134551278560986,0.06811917025347237,0.35137510839047487,-0.15446225426285243,0.1568211248018112
LUV,LUV,Southwest Airlines,Industrials,Passenger Airlines,0.0002625558564636287,0.02553530376818045,0.06616407582883442,0.40536038053857604,-0.15109415320015207,0.18697992917857387
D,D,Dominion Energy,Utilities,Multi-Utilities,0.00025696541758656066,0.016193162345719624,0.06475528523181329,0.25705848303881673,-0.12313188449319812,0.1723231679312156
MMM,MMM,3M,Industrials,Industrial Conglomerates,0.0002557480127235721,0.0182403193781285,0.06444849920634017,0.289556093453522,-0.1294500945589857,0.22990618792383932
BA,BA,Boeing,Industrials,Aerospace & Defense,0.0002551146202002698,0.029113067057564446,0.06428888429046799,0.46215561201997485,-0.2384841190698378,0.24318605379189218
GEHC,GEHC,GE HealthCare,Health Care,Health Care Equipment,0.00023660076217231311,0.020670110538799448,0.059623392067422905,0.32812783234727194,-0.15958342356702615,0.11646936263694085
CCI,CCI,Crown Castle,Real Estate,Telecom Tower REITs,0.00023073112802901176,0.017738894531779254,0.05814424426331096,0.28159622078574875,-0.1242503271431159,0.1133950654345166
AMCR,AMCR,Amcor,Materials,Paper & Plastic Packaging Products & Materials,0.00022833996725555856,0.018027944002623593,0.05754167174840076,0.2861847388844424,-0.16145185452656174,0.162754190317687
VZ,VZ,Verizon,Communication Services,Integrated Telecommunication Services,0.00022801342880722034,0.013295756934028813,0.05745938405941953,0.21106359803881714,-0.07497799106560332,0.11831201731607455
HUM,HUM,Humana,Health Care,Managed Health Care,0.00021721837288815813,0.023641676996216644,0.05473902996781585,0.37529998745103454,-0.21128098554318242,0.1493206537973788
SWK,SWK,Stanley Black & Decker,Industrials,Industrial Machinery & Supplies & Components,0.00021427696612345772,0.025569942443583824,0.05399779546311134,0.4059102524637482,-0.2057934574606971,0.2532277513873409
STZ,STZ,Constellation Brands,Consumer Staples,Distillers & Vintners,0.0002052594874836932,0.018094426439023367,0.05172539084589069,0.2872401148440472,-0.17087730939145473,0.1720937682999717
GIS,GIS,General Mills,Consumer Staples,Packaged Foods & Meats,0.00020200984900062445,0.014067088677008833,0.05090648194815736,0.22330810986034788,-0.11410911454775918,0.11783447840879058
FISV,FISV,Fiserv,Financials,Transaction & Payment Processing Services,0.0001947619649360434,0.022137185755117403,0.04908001516388293,0.3514169294092935,-0.4404375089267606,0.12532469514128453
DIS,DIS,Walt Disney Company (The),Communication Services,Movies & Entertainment,0.0001927955094459477,0.020038194340389476,0.04858446838037882,0.3180964736847151,-0.13163155702307905,0.14412299345308144
WDAY,WDAY,"Workday, Inc.",Information Technology,Application Software,0.00018384513887342713,0.025031303850366542,0.04632897499610364,0.3973596298785805,-0.15327708382485272,0.17166776218309932
MDT,MDT,Medtronic,Health Care,Health Care Equipment,0.00018271572819989545,0.015503816271533704,0.04604436350637365,0.246115453361489,-0.12823689861864118,0.10189252168268847
CMCSA,CMCSA,Comcast,Communication Services,Cable & Satellite,0.00016865021141120994,0.017452970207890828,0.0424998532756249,0.2770573128569904,-0.1289506953985876,0.12564374699833536
COO,COO,Cooper Companies (The),Health Care,Health Care Supplies,0.00016718274792074285,0.01844960145361559,0.0421300524760272,0.29287834340713575,-0.14607304200737425,0.11836262252001295
KMB,KMB,Kimberly-Clark,Consumer Staples,Household Products,0.00016383811748539492,0.01365872077484512,0.04128720560631952,0.21682547038506983,-0.14568546966216878,0.09704851138575088
CTSH,CTSH,Cognizant,Information Technology,IT Consulting & Other Services,0.0001504990485630703,0.019058538836592722,0.037925760237893714,0.3025449246833437,-0.17179756562553294,0.14960976201937215
DOC,DOC,Healthpeak Properties,Real Estate,Health Care REITs,0.00012232734351434195,0.01963146203092786,0.03082649056561417,0.3116397984386527,-0.2283439051758085,0.14888542947801153
GPN,GPN,Global Payments,Financials,Transaction & Payment Processing Services,0.00012182903369539592,0.02364012111242502,0.030700916491239773,0.37527528856154524,-0.191687370626332,0.2167656158408786
EL,EL,Estée Lauder Companies (The),Consumer Staples,Personal Care Products,0.00012014622080772468,0.02538251201986455,0.03027684764354662,0.4029348867280162,-0.20895002266342266,0.1251536324270448
TAP,TAP,Molson Coors Beverage Company,Consumer Staples,Brewers,0.00011890655994001852,0.01879210261848434,0.02996445310488467,0.29831538084309167,-0.1117610157412191,0.108333207450525
ZBH,ZBH,Zimmer Biomet,Health Care,Health Care Equipment,0.00011795548700090976,0.01898825154733357,0.02972478272422926,0.3014291485570922,-0.15148279089213523,0.15579756256712196
BDX,BDX,Becton Dickinson,Health Care,Health Care Equipment,0.0001153873864516673,0.01571767460635477,0.02907762138582016,0.24951034917989853,-0.18132212253063806,0.11374051958485953
BIIB,BIIB,Biogen,Health Care,Biotechnology,0.0001148371310408603,0.028072597961382992,0.028938957022296798,0.4456386771679092,-0.2923047896862979,0.4397393335959552
CAG,CAG,Conagra Brands,Consumer Staples,Packaged Foods & Meats,0.00010362900171554453,0.01698238124449395,0.026114508432317222,0.26958694465571154,-0.12098162851542427,0.15869230661969502
BXP,BXP,"BXP, Inc.",Real Estate,Office REITs,9.874646584354358e-05,0.022480387931050873,0.024884109392572983,0.3568650950509107,-0.17196306098388536,0.20923558002703135
PFE,PFE,Pfizer,Health Care,Pharmaceuticals,7.664629392887259e-05,0.016404977437732223,0.019314866070075893,0.2604209433831904,-0.07734626994075244,0.1085518336252127
PYPL,PYPL,PayPal,Financials,Transaction & Payment Processing Services,7.363345394944272e-05,0.026430472758334937,0.018555630395259568,0.4195707477145296,-0.24590437016397704,0.1410977377185747
VTRS,VTRS,Viatris,Health Care,Pharmaceuticals,6.195117762426933e-05,0.023731497800131326,0.015611696761315871,0.37672584850934343,-0.24277837602969699,0.1352282079231648
MKC,MKC,McCormick & Company,Consumer Staples,Packaged Foods & Meats,5.2827094991907346e-05,0.016293147830636383,0.013312427937960652,0.2586457034056524,-0.10919685269512847,0.15228054009764502
CPB,CPB,Campbell's Company (The),Consumer Staples,Packaged Foods & Meats,3.7793668351826576e-05,0.0160362171293624,0.009524004424660297,0.25456705496716214,-0.0891479885082056,0.10108623345188494
NKE,NKE,"Nike, Inc.",Consumer Discretionary,"Apparel, Accessories & Luxury Goods",1.7635590663910933e-05,0.021760254844174577,0.004444168847305555,0.345433336698447,-0.19980893057063687,0.15531433888321988
KHC,KHC,Kraft Heinz,Consumer Staples,Packaged Foods & Meats,1.3946463761240587e-05,0.018181492833679824,0.0035145088678326278,0.2886222510109191,-0.2745950905989555,0.19491516581447055
CHTR,CHTR,Charter Communications,Communication Services,Cable & Satellite,-2.2733210308906934e-05,0.022602629052949436,-0.005728768997844548,0.35880561270208544,-0.25498384567682997,0.16619605464256249
CLX,CLX,Clorox,Consumer Staples,Household Products,-3.33761268585462e-05,0.016285863910669888,-0.008410783968353642,0.25853007476084616,-0.14473222600669233,0.13274940204816654
IFF,IFF,International Flavors & Fragrances,Materials,Specialty Chemicals,-3.34453067370564e-05,0.02057890239461046,-0.008428217297738213,0.3266799479448652,-0.1936769383998932,0.15812403345175308
PSKY,PSKY,Paramount Skydance Corporation,Communication Services,Movies & Entertainment,-4.948341269173312e-05,0.03551247211439091,-0.012469819998316747,0.5637430179347668,-0.28352985744548775,0.3673654717532415
BF-B,BF.B,Brown–Forman,Consumer Staples,Distillers & Vintners,-6.808472837392848e-05,0.018804298081533395,-0.017157351550229977,0.2985089778171981,-0.17921687909415462,0.1472683886703683
FIS,FIS,Fidelity National Information Services,Financials,Transaction & Payment Processing Services,-0.00011947545092636643,0.02090482748870043,-0.03010781363344434,0.33185384841484955,-0.2804833466073038,0.16310415587983562
SOLV,SOLV,Solventum,Health Care,Health Care Technology,-0.00012848032595208145,0.020203453550790694,-0.032377042139924525,0.32071988232022225,-0.08392064832525237,0.09543784603825589
HRL,HRL,Hormel Foods,Consumer Staples,Packaged Foods & Meats,-0.00013038904597986237,0.015041487819276635,-0.03285803958692532,0.23877621670927937,-0.1309442402620874,0.14563746637921615
ARE,ARE,Alexandria Real Estate Equities,Real Estate,Office REITs,-0.00019950552172358704,0.01997600041875705,-0.050275391474343935,0.3171091757865197,-0.1917298787749515,0.12695774869900478
KVUE,KVUE,Kenvue,Consumer Staples,Personal Care Products,-0.0002571136306487494,0.01816232858029496,-0.06479263492348486,0.28831802791980765,-0.13222633057582855,0.1467840220616261
BAX,BAX,Baxter International,Health Care,Health Care Equipment,-0.0004406239658243589,0.020082682051532186,-0.11103723938773845,0.3188026942052076,-0.22424236192865477,0.12491283967384792
