rebalance_date,method,turnover,transaction_cost_rate,equity_before_cost,transaction_cost_value,train_start_date,train_end_date,train_observations,holding_start_date,holding_end_date,holding_observations
2021-12-31,equal,1.0,0.001,1.0,0.001,2019-01-03,2021-12-31,756,2022-01-03,2022-01-31,20
2021-12-31,inverse_volatility,0.9999999999999999,0.0009999999999999998,1.0,0.0009999999999999998,2019-01-03,2021-12-31,756,2022-01-03,2022-01-31,20
2021-12-31,risk_parity,1.0,0.001,1.0,0.001,2019-01-03,2021-12-31,756,2022-01-03,2022-01-31,20
2021-12-31,markowitz_best_sharpe_default,1.0,0.001,1.0,0.001,2019-01-03,2021-12-31,756,2022-01-03,2022-01-31,20
2021-12-31,cvar_bootstrap,1.0,0.001,1.0,0.001,2019-01-03,2021-12-31,756,2022-01-03,2022-01-31,20
2021-12-31,cvar_montecarlo,1.0,0.001,1.0,0.001,2019-01-03,2021-12-31,756,2022-01-03,2022-01-31,20
2022-01-31,equal,0.06983663282614375,6.983663282614374e-05,0.9346994880770146,6.5276264951619e-05,2019-01-03,2022-01-31,776,2022-02-01,2022-02-28,19
2022-01-31,inverse_volatility,0.06132717757657529,6.132717757657529e-05,0.9431946876447924,5.784346809847465e-05,2019-01-03,2022-01-31,776,2022-02-01,2022-02-28,19
2022-01-31,risk_parity,0.060627752746365934,6.062775274636594e-05,0.9396790861773802,5.69706312976933e-05,2019-01-03,2022-01-31,776,2022-02-01,2022-02-28,19
2022-01-31,markowitz_best_sharpe_default,0.16669827674161497,0.00016669827674161498,0.901149658744384,0.00015022009519898323,2019-01-03,2022-01-31,776,2022-02-01,2022-02-28,19
2022-01-31,cvar_bootstrap,0.24764305363372613,0.0002476430536337261,0.9401536795442781,0.00023282252808732863,2019-01-03,2022-01-31,776,2022-02-01,2022-02-28,19
2022-01-31,cvar_montecarlo,0.34652639827124027,0.00034652639827124026,0.9381453766991189,0.0003250921384423616,2019-01-03,2022-01-31,776,2022-02-01,2022-02-28,19
2022-02-28,equal,0.08253853020496668,8.253853020496668e-05,0.9476535797819854,7.821793361868021e-05,2019-01-03,2022-02-28,795,2022-03-01,2022-03-31,23
2022-02-28,inverse_volatility,0.07327864053458094,7.327864053458094e-05,0.9551908646281382,6.999508801100091e-05,2019-01-03,2022-02-28,795,2022-03-01,2022-03-31,23
2022-02-28,risk_parity,0.07488827293754587,7.488827293754587e-05,0.9503324969164846,7.116875941050117e-05,2019-01-03,2022-02-28,795,2022-03-01,2022-03-31,23
2022-02-28,markowitz_best_sharpe_default,0.1250685261266252,0.0001250685261266252,0.8838871035468726,0.00011054645730293911,2019-01-03,2022-02-28,795,2022-03-01,2022-03-31,23
2022-02-28,cvar_bootstrap,0.4118556520083497,0.00041185565200834974,0.917132171910961,0.00037772606864022273,2019-01-03,2022-02-28,795,2022-03-01,2022-03-31,23
2022-02-28,cvar_montecarlo,0.38273469624444945,0.00038273469624444944,0.9200673876394337,0.00035214171213260277,2019-01-03,2022-02-28,795,2022-03-01,2022-03-31,23
2022-03-31,equal,0.07199032977894768,7.199032977894767e-05,1.0111834573880223,7.279543056438021e-05,2019-01-03,2022-03-31,818,2022-04-01,2022-04-29,20
2022-03-31,inverse_volatility,0.07107672677135113,7.107672677135113e-05,1.0194602617732837,7.245989848030978e-05,2019-01-03,2022-03-31,818,2022-04-01,2022-04-29,20
2022-03-31,risk_parity,0.07236451959412843,7.236451959412842e-05,1.0164247947393812,7.355309197487591e-05,2019-01-03,2022-03-31,818,2022-04-01,2022-04-29,20
2022-03-31,markowitz_best_sharpe_default,0.16547943024795372,0.00016547943024795373,0.9703493454823753,0.00016057285683189826,2019-01-03,2022-03-31,818,2022-04-01,2022-04-29,20
2022-03-31,cvar_bootstrap,0.35720044320733935,0.00035720044320733933,0.9675537654164008,0.0003456106338336684,2019-01-03,2022-03-31,818,2022-04-01,2022-04-29,20
2022-03-31,cvar_montecarlo,0.27019350881640575,0.00027019350881640574,0.9696632192740212,0.0002619967075858596,2019-01-03,2022-03-31,818,2022-04-01,2022-04-29,20
2022-04-29,equal,0.06396645516841352,6.396645516841353e-05,0.947932324022016,6.063587050724434e-05,2019-01-03,2022-04-29,838,2022-05-02,2022-05-31,21
2022-04-29,inverse_volatility,0.05496994660164291,5.496994660164291e-05,0.9652279280647927,5.3058527664136085e-05,2019-01-03,2022-04-29,838,2022-05-02,2022-05-31,21
2022-04-29,risk_parity,0.051822904513270034,5.1822904513270035e-05,0.9593425358931333,4.971591663310818e-05,2019-01-03,2022-04-29,838,2022-05-02,2022-05-31,21
2022-04-29,markowitz_best_sharpe_default,0.16219114338669105,0.00016219114338669106,0.889587660580005,0.00014428323981216266,2019-01-03,2022-04-29,838,2022-05-02,2022-05-31,21
2022-04-29,cvar_bootstrap,0.14884550885374764,0.00014884550885374765,0.9268814580705742,0.00013796214227361817,2019-01-03,2022-04-29,838,2022-05-02,2022-05-31,21
2022-04-29,cvar_montecarlo,0.29762034627141964,0.00029762034627141965,0.9327253380441212,0.0002775980380848183,2019-01-03,2022-04-29,838,2022-05-02,2022-05-31,21
2022-05-31,equal,0.06627007395129439,6.627007395129439e-05,0.9557569603519764,6.333808444198981e-05,2019-01-03,2022-05-31,859,2022-06-01,2022-06-30,21
2022-05-31,inverse_volatility,0.060405710767623445,6.040571076762345e-05,0.9713968642862283,5.867791802465028e-05,2019-01-03,2022-05-31,859,2022-06-01,2022-06-30,21
2022-05-31,risk_parity,0.05780644290890496,5.780644290890496e-05,0.964088751506153,5.57305413730579e-05,2019-01-03,2022-05-31,859,2022-06-01,2022-06-30,21
2022-05-31,markowitz_best_sharpe_default,0.19240074058681755,0.00019240074058681755,0.8591686875844848,0.00016530469178025896,2019-01-03,2022-05-31,859,2022-06-01,2022-06-30,21
2022-05-31,cvar_bootstrap,0.33965020531969636,0.00033965020531969635,0.9238040387881622,0.000313770231449564,2019-01-03,2022-05-31,859,2022-06-01,2022-06-30,21
2022-05-31,cvar_montecarlo,0.3850354073292953,0.00038503540732929534,0.9213600066287704,0.00035475622544923086,2019-01-03,2022-05-31,859,2022-06-01,2022-06-30,21
2022-06-30,equal,0.07633899158587534,7.633899158587534e-05,0.878168777150266,6.703851888985258e-05,2019-01-03,2022-06-30,880,2022-07-01,2022-07-29,20
2022-06-30,inverse_volatility,0.07086121258637057,7.086121258637057e-05,0.9027681279292741,6.397124422939607e-05,2019-01-03,2022-06-30,880,2022-07-01,2022-07-29,20
2022-06-30,risk_parity,0.06605571175209253,6.605571175209253e-05,0.8898951025423114,5.878265438313375e-05,2019-01-03,2022-06-30,880,2022-07-01,2022-07-29,20
2022-06-30,markowitz_best_sharpe_default,0.1760039366206807,0.00017600393662068071,0.8177481533510478,0.0001439268941540765,2019-01-03,2022-06-30,880,2022-07-01,2022-07-29,20
2022-06-30,cvar_bootstrap,0.35481742106404973,0.00035481742106404973,0.8679334158176385,0.000307957896255726,2019-01-03,2022-06-30,880,2022-07-01,2022-07-29,20
2022-06-30,cvar_montecarlo,0.3908573005476121,0.00039085730054761207,0.8697094537396621,0.00033993228934942266,2019-01-03,2022-06-30,880,2022-07-01,2022-07-29,20
2022-07-29,equal,0.07455275295918706,7.455275295918707e-05,0.9657564699758595,7.199980352484681e-05,2019-01-03,2022-07-29,900,2022-08-01,2022-08-31,23
2022-07-29,inverse_volatility,0.07446943903620673,7.446943903620673e-05,0.9813259254940341,7.307879118322712e-05,2019-01-03,2022-07-29,900,2022-08-01,2022-08-31,23
2022-07-29,risk_parity,0.08280778353624099,8.2807783536241e-05,0.9575757298914196,7.929472376040666e-05,2019-01-03,2022-07-29,900,2022-08-01,2022-08-31,23
2022-07-29,markowitz_best_sharpe_default,0.1284432959801805,0.0001284432959801805,0.853968691032677,0.00010968655334011745,2019-01-03,2022-07-29,900,2022-08-01,2022-08-31,23
2022-07-29,cvar_bootstrap,0.4696260664614893,0.0004696260664614893,0.89548728702095,0.00042054417216991945,2019-01-03,2022-07-29,900,2022-08-01,2022-08-31,23
2022-07-29,cvar_montecarlo,0.351022010846197,0.00035102201084619703,0.8967655999932376,0.0003147844641673226,2019-01-03,2022-07-29,900,2022-08-01,2022-08-31,23
2022-08-31,equal,0.057426007236129166,5.7426007236129165e-05,0.9346458344001943,5.367297844948354e-05,2019-01-03,2022-08-31,923,2022-09-01,2022-09-30,21
2022-08-31,inverse_volatility,0.05063095907480611,5.063095907480611e-05,0.957861977373225,4.8497470575696614e-05,2019-01-03,2022-08-31,923,2022-09-01,2022-09-30,21
2022-08-31,risk_parity,0.05203389784000184,5.2033897840001844e-05,0.9281133289464514,4.829335414234368e-05,2019-01-03,2022-08-31,923,2022-09-01,2022-09-30,21
2022-08-31,markowitz_best_sharpe_default,0.08405140537503128,8.405140537503128e-05,0.825731193524849,6.94038672777655e-05,2019-01-03,2022-08-31,923,2022-09-01,2022-09-30,21
2022-08-31,cvar_bootstrap,0.3313337629039823,0.0003313337629039823,0.8600456756130351,0.00028496216997016467,2019-01-03,2022-08-31,923,2022-09-01,2022-09-30,21
2022-08-31,cvar_montecarlo,0.2576873223852271,0.0002576873223852271,0.866093829743633,0.00022318139992100357,2019-01-03,2022-08-31,923,2022-09-01,2022-09-30,21
2022-09-30,equal,0.04996034868836636,4.996034868836636e-05,0.8561969437337389,4.277589785485119e-05,2019-01-03,2022-09-30,944,2022-10-03,2022-10-31,21
2022-09-30,inverse_volatility,0.04595623814281874,4.595623814281874e-05,0.8813733722525293,4.050460458797647e-05,2019-01-03,2022-09-30,944,2022-10-03,2022-10-31,21
2022-09-30,risk_parity,0.04885816961944267,4.885816961944267e-05,0.8591368488408774,4.1975853886981065e-05,2019-01-03,2022-09-30,944,2022-10-03,2022-10-31,21
2022-09-30,markowitz_best_sharpe_default,0.2583533110210852,0.0002583533110210852,0.7742564731919229,0.00020003172342864138,2019-01-03,2022-09-30,944,2022-10-03,2022-10-31,21
2022-09-30,cvar_bootstrap,0.48908909944666396,0.000489089099446664,0.8207854233443804,0.00040143720354245187,2019-01-03,2022-09-30,944,2022-10-03,2022-10-31,21
2022-09-30,cvar_montecarlo,0.23602590364664783,0.00023602590364664783,0.8165991388872441,0.00019273854967293626,2019-01-03,2022-09-30,944,2022-10-03,2022-10-31,21
2022-10-31,equal,0.05689966031979114,5.689966031979115e-05,0.969818790592211,5.5182359756447466e-05,2019-01-03,2022-10-31,965,2022-11-01,2022-11-30,21
2022-10-31,inverse_volatility,0.04765194867132423,4.765194867132423e-05,0.989639669158573,4.7158258717850615e-05,2019-01-03,2022-10-31,965,2022-11-01,2022-11-30,21
2022-10-31,risk_parity,0.04850620634573152,4.850620634573152e-05,0.9624821945277279,4.6686359931854476e-05,2019-01-03,2022-10-31,965,2022-11-01,2022-11-30,21
2022-10-31,markowitz_best_sharpe_default,0.09398085257993449,9.39808525799345e-05,0.8754809947400408,8.227845030319819e-05,2019-01-03,2022-10-31,965,2022-11-01,2022-11-30,21
2022-10-31,cvar_bootstrap,0.5712616529284842,0.0005712616529284842,0.9073970526715281,0.000518361140171572,2019-01-03,2022-10-31,965,2022-11-01,2022-11-30,21
2022-10-31,cvar_montecarlo,0.23026275149928596,0.00023026275149928596,0.8947785424809933,0.00020603416917419425,2019-01-03,2022-10-31,965,2022-11-01,2022-11-30,21
2022-11-30,equal,0.04706372021029887,4.706372021029887e-05,1.029679480316467,4.8460546967900145e-05,2019-01-03,2022-11-30,986,2022-12-01,2022-12-30,21
2022-11-30,inverse_volatility,0.04336844564304911,4.336844564304911e-05,1.0435584791061008,4.525750917645593e-05,2019-01-03,2022-11-30,986,2022-12-01,2022-12-30,21
2022-11-30,risk_parity,0.053378362995336534,5.337836299533654e-05,1.020064573747356,5.4449377096169605e-05,2019-01-03,2022-11-30,986,2022-12-01,2022-12-30,21
2022-11-30,markowitz_best_sharpe_default,0.38144932000619336,0.0003814493200061934,0.9283193827467902,0.0003541067972973323,2019-01-03,2022-11-30,986,2022-12-01,2022-12-30,21
2022-11-30,cvar_bootstrap,0.46639736748890476,0.00046639736748890477,0.9585534067861607,0.0004470667855225866,2019-01-03,2022-11-30,986,2022-12-01,2022-12-30,21
2022-11-30,cvar_montecarlo,0.3225122779978299,0.0003225122779978299,0.9501139645839464,0.000306423419075518,2019-01-03,2022-11-30,986,2022-12-01,2022-12-30,21
2022-12-30,equal,0.04972015982485701,4.972015982485701e-05,0.9841871268262526,4.89339412433681e-05,2019-01-03,2022-12-30,1007,2023-01-03,2023-01-31,20
2022-12-30,inverse_volatility,0.04719361352097847,4.7193613520978474e-05,0.9943772358173627,4.692825496122349e-05,2019-01-03,2022-12-30,1007,2023-01-03,2023-01-31,20
2022-12-30,risk_parity,0.0476324499266983,4.76324499266983e-05,0.9756837975334799,4.647420963030433e-05,2019-01-03,2022-12-30,1007,2023-01-03,2023-01-31,20
2022-12-30,markowitz_best_sharpe_default,0.36315387378105374,0.00036315387378105376,0.8878151486577814,0.00032241351043657546,2019-01-03,2022-12-30,1007,2023-01-03,2023-01-31,20
2022-12-30,cvar_bootstrap,0.39796836766366367,0.0003979683676636637,0.9238363755337153,0.0003676576543594681,2019-01-03,2022-12-30,1007,2023-01-03,2023-01-31,20
2022-12-30,cvar_montecarlo,0.32441477568885185,0.0003244147756888519,0.9079316175942745,0.000294546432062663,2019-01-03,2022-12-30,1007,2023-01-03,2023-01-31,20
2023-01-31,equal,0.06970367407754277,6.970367407754277e-05,1.0677384693334888,7.44252942664759e-05,2019-01-03,2023-01-31,1027,2023-02-01,2023-02-28,19
2023-01-31,inverse_volatility,0.06782553070868746,6.782553070868747e-05,1.0714643943770754,7.267264118408755e-05,2019-01-03,2023-01-31,1027,2023-02-01,2023-02-28,19
2023-01-31,risk_parity,0.06816282362305093,6.816282362305093e-05,1.0486408882443372,7.147832390931823e-05,2019-01-03,2023-01-31,1027,2023-02-01,2023-02-28,19
2023-01-31,markowitz_best_sharpe_default,0.1902194621574257,0.00019021946215742568,0.9534849981768454,0.00018137140352837353,2019-01-03,2023-01-31,1027,2023-02-01,2023-02-28,19
2023-01-31,cvar_bootstrap,0.35226422512045397,0.000352264225120454,0.9699561954148367,0.0003416808675785911,2019-01-03,2023-01-31,1027,2023-02-01,2023-02-28,19
2023-01-31,cvar_montecarlo,0.25843964718320733,0.0002584396471832073,0.9449435342036979,0.00024421087358765666,2019-01-03,2023-01-31,1027,2023-02-01,2023-02-28,19
2023-02-28,equal,0.06661437938812621,6.661437938812622e-05,1.0461382921293811,6.968785308435301e-05,2019-01-03,2023-02-28,1046,2023-03-01,2023-03-31,23
2023-02-28,inverse_volatility,0.059076468524839526,5.9076468524839526e-05,1.047769136062717,6.18985003879074e-05,2019-01-03,2023-02-28,1046,2023-03-01,2023-03-31,23
2023-02-28,risk_parity,0.061190883888236416,6.119088388823642e-05,1.014508501571983,6.207867192331993e-05,2019-01-03,2023-02-28,1046,2023-03-01,2023-03-31,23
2023-02-28,markowitz_best_sharpe_default,0.21234081781752207,0.00021234081781752208,0.9360101645526617,0.0001987531638266256,2019-01-03,2023-02-28,1046,2023-03-01,2023-03-31,23
2023-02-28,cvar_bootstrap,0.26509075803871274,0.00026509075803871274,0.9123189351825003,0.00024184731810060025,2019-01-03,2023-02-28,1046,2023-03-01,2023-03-31,23
2023-02-28,cvar_montecarlo,0.27284210714170937,0.0002728421071417094,0.8983464245674403,0.0002451067314222011,2019-01-03,2023-02-28,1046,2023-03-01,2023-03-31,23
2023-03-31,equal,0.05595196784334179,5.595196784334179e-05,1.093868931567929,6.120411928391942e-05,2019-01-03,2023-03-31,1069,2023-04-03,2023-04-28,19
2023-03-31,inverse_volatility,0.04912884348687357,4.912884348687357e-05,1.0970198324362301,5.389531564975582e-05,2019-01-03,2023-03-31,1069,2023-04-03,2023-04-28,19
2023-03-31,risk_parity,0.052467381425413906,5.246738142541391e-05,1.0652087539331017,5.588871399029791e-05,2019-01-03,2023-03-31,1069,2023-04-03,2023-04-28,19
2023-03-31,markowitz_best_sharpe_default,0.173380808394745,0.00017338080839474502,0.9847588097033777,0.0001707382785002185,2019-01-03,2023-03-31,1069,2023-04-03,2023-04-28,19
2023-03-31,cvar_bootstrap,0.46940374009916924,0.00046940374009916925,0.9700639855848787,0.0004553516629690487,2019-01-03,2023-03-31,1069,2023-04-03,2023-04-28,19
2023-03-31,cvar_montecarlo,0.26226132604019214,0.00026226132604019215,0.9548710232940896,0.0002504257407664631,2019-01-03,2023-03-31,1069,2023-04-03,2023-04-28,19
2023-04-28,equal,0.0483391212097552,4.83391212097552e-05,1.1102873701887692,5.367031576521525e-05,2019-01-03,2023-04-28,1088,2023-05-01,2023-05-31,22
2023-04-28,inverse_volatility,0.042850552467405975,4.2850552467405975e-05,1.1180982344497499,4.7911127059003e-05,2019-01-03,2023-04-28,1088,2023-05-01,2023-05-31,22
2023-04-28,risk_parity,0.046112515267113977,4.611251526711398e-05,1.0832623546413427,4.995195186668875e-05,2019-01-03,2023-04-28,1088,2023-05-01,2023-05-31,22
2023-04-28,markowitz_best_sharpe_default,0.10456272865663192,0.00010456272865663192,0.9786565475505856,0.00010233099902956807,2019-01-03,2023-04-28,1088,2023-05-01,2023-05-31,22
2023-04-28,cvar_bootstrap,0.39658271999185,0.00039658271999185,0.9997783508407914,0.00039649481776540715,2019-01-03,2023-04-28,1088,2023-05-01,2023-05-31,22
2023-04-28,cvar_montecarlo,0.28474996600682195,0.00028474996600682195,0.983564989910142,0.00028007009744241307,2019-01-03,2023-04-28,1088,2023-05-01,2023-05-31,22
2023-05-31,equal,0.08176508149053886,8.176508149053886e-05,1.1083894219628385,9.062755141004275e-05,2019-01-03,2023-05-31,1110,2023-06-01,2023-06-30,21
2023-05-31,inverse_volatility,0.07385666383714393,7.385666383714392e-05,1.1064745081042826,8.172051578942718e-05,2019-01-03,2023-05-31,1110,2023-06-01,2023-06-30,21
2023-05-31,risk_parity,0.07147798906179013,7.147798906179013e-05,1.0679817429144303,7.633718733822921e-05,2019-01-03,2023-05-31,1110,2023-06-01,2023-06-30,21
2023-05-31,markowitz_best_sharpe_default,0.16233943586401683,0.00016233943586401684,1.0118866381510299,0.00016426910599577472,2019-01-03,2023-05-31,1110,2023-06-01,2023-06-30,21
2023-05-31,cvar_bootstrap,0.48926419886396866,0.0004892641988639687,0.9838731061763663,0.0004813738870771842,2019-01-03,2023-05-31,1110,2023-06-01,2023-06-30,21
2023-05-31,cvar_montecarlo,0.2500780086168283,0.00025007800861682827,0.9529971619363247,0.0002383236324745251,2019-01-03,2023-05-31,1110,2023-06-01,2023-06-30,21
2023-06-30,equal,0.05178539938061566,5.178539938061566e-05,1.18607157231862,6.142119006651451e-05,2019-01-03,2023-06-30,1131,2023-07-03,2023-07-31,20
2023-06-30,inverse_volatility,0.04323192225888156,4.323192225888156e-05,1.1810883504521623,5.106071974761854e-05,2019-01-03,2023-06-30,1131,2023-07-03,2023-07-31,20
2023-06-30,risk_parity,0.04651367649502304,4.651367649502304e-05,1.1312390166492083,5.261808565896926e-05,2019-01-03,2023-06-30,1131,2023-07-03,2023-07-31,20
2023-06-30,markowitz_best_sharpe_default,0.09371728974304003,9.371728974304002e-05,1.0760224426826335,0.00010084190703090204,2019-01-03,2023-06-30,1131,2023-07-03,2023-07-31,20
2023-06-30,cvar_bootstrap,0.3592527443340272,0.0003592527443340272,1.0189103673894113,0.0003660463457150379,2019-01-03,2023-06-30,1131,2023-07-03,2023-07-31,20
2023-06-30,cvar_montecarlo,0.3407515063020279,0.0003407515063020279,0.9889209886190388,0.000336976316485628,2019-01-03,2023-06-30,1131,2023-07-03,2023-07-31,20
2023-07-31,equal,0.043531259361277025,4.3531259361277024e-05,1.2054353467761076,5.247411872376165e-05,2019-01-03,2023-07-31,1151,2023-08-01,2023-08-31,23
2023-07-31,inverse_volatility,0.03824215426283584,3.824215426283584e-05,1.1958676916100706,4.5732556740493715e-05,2019-01-03,2023-07-31,1151,2023-08-01,2023-08-31,23
2023-07-31,risk_parity,0.043813178772124164,4.381317877212417e-05,1.1518454411684207,5.046601023176825e-05,2019-01-03,2023-07-31,1151,2023-08-01,2023-08-31,23
2023-07-31,markowitz_best_sharpe_default,0.12433723817936204,0.00012433723817936206,1.0882819430105224,0.00013531397115439824,2019-01-03,2023-07-31,1151,2023-08-01,2023-08-31,23
2023-07-31,cvar_bootstrap,0.4418661352935346,0.0004418661352935346,1.0418565063876124,0.00046036110800791804,2019-01-03,2023-07-31,1151,2023-08-01,2023-08-31,23
2023-07-31,cvar_montecarlo,0.2327808587656466,0.00023278085876564662,1.0177764030376517,0.00023691886513051543,2019-01-03,2023-07-31,1151,2023-08-01,2023-08-31,23
2023-08-31,equal,0.07397873049329778,7.397873049329778e-05,1.2320606093982767,9.114627977408335e-05,2019-01-03,2023-08-31,1174,2023-09-01,2023-09-29,20
2023-08-31,inverse_volatility,0.07141144512067199,7.1411445120672e-05,1.214310974873505,8.671570154160901e-05,2019-01-03,2023-08-31,1174,2023-09-01,2023-09-29,20
2023-08-31,risk_parity,0.06888680201932498,6.888680201932498e-05,1.1661896588430412,8.033507614570471e-05,2019-01-03,2023-08-31,1174,2023-09-01,2023-09-29,20
2023-08-31,markowitz_best_sharpe_default,0.24728740568628096,0.00024728740568628096,1.1126915981469319,0.00027515461863467664,2019-01-03,2023-08-31,1174,2023-09-01,2023-09-29,20
2023-08-31,cvar_bootstrap,0.37294092470727,0.00037294092470727006,1.0496199695541653,0.00039144624203674703,2019-01-03,2023-08-31,1174,2023-09-01,2023-09-29,20
2023-08-31,cvar_montecarlo,0.3268539754297321,0.0003268539754297321,1.0177088864546546,0.0003326421953678697,2019-01-03,2023-08-31,1174,2023-09-01,2023-09-29,20
2023-09-29,equal,0.05087676310148599,5.087676310148599e-05,1.1737277475220895,5.971546855632211e-05,2019-01-03,2023-09-29,1194,2023-10-02,2023-10-31,22
2023-09-29,inverse_volatility,0.0485648197513996,4.85648197513996e-05,1.1668909564298326,5.666984896855311e-05,2019-01-03,2023-09-29,1194,2023-10-02,2023-10-31,22
2023-09-29,risk_parity,0.04870600942345471,4.870600942345471e-05,1.1158218764383598,5.434723082870367e-05,2019-01-03,2023-09-29,1194,2023-10-02,2023-10-31,22
2023-09-29,markowitz_best_sharpe_default,0.16430467573484311,0.00016430467573484313,1.0548060973859592,0.00017330957379413538,2019-01-03,2023-09-29,1194,2023-10-02,2023-10-31,22
2023-09-29,cvar_bootstrap,0.2509659219322441,0.0002509659219322441,1.013986160323902,0.00025447597155222435,2019-01-03,2023-09-29,1194,2023-10-02,2023-10-31,22
2023-09-29,cvar_montecarlo,0.2824436014260786,0.0002824436014260786,0.9865220733323004,0.0002786368472782969,2019-01-03,2023-09-29,1194,2023-10-02,2023-10-31,22
2023-10-31,equal,0.04787388229782524,4.787388229782524e-05,1.162575699188286,5.565701218525189e-05,2019-01-03,2023-10-31,1216,2023-11-01,2023-11-30,21
2023-10-31,inverse_volatility,0.04114067866324753,4.114067866324754e-05,1.1663200462181296,4.798319823996408e-05,2019-01-03,2023-10-31,1216,2023-11-01,2023-11-30,21
2023-10-31,risk_parity,0.04446238289160125,4.446238289160125e-05,1.112009824184869,4.944260658212984e-05,2019-01-03,2023-10-31,1216,2023-11-01,2023-11-30,21
2023-10-31,markowitz_best_sharpe_default,0.11657625358892561,0.0001165762535889256,1.0320017137475423,0.0001203068934860393,2019-01-03,2023-10-31,1216,2023-11-01,2023-11-30,21
2023-10-31,cvar_bootstrap,0.25789014042565617,0.00025789014042565617,1.0286523200637485,0.0002652792912704171,2019-01-03,2023-10-31,1216,2023-11-01,2023-11-30,21
2023-10-31,cvar_montecarlo,0.33958227898473275,0.0003395822789847328,1.004456312570805,0.00034109556376339504,2019-01-03,2023-10-31,1216,2023-11-01,2023-11-30,21
2023-11-30,equal,0.04315022288591558,4.315022288591558e-05,1.269153636885149,5.476426230806455e-05,2019-01-03,2023-11-30,1237,2023-12-01,2023-12-29,20
2023-11-30,inverse_volatility,0.04263361346295347,4.263361346295347e-05,1.2703512603697225,5.4159664596778504e-05,2019-01-03,2023-11-30,1237,2023-12-01,2023-12-29,20
2023-11-30,risk_parity,0.043784169656929,4.3784169656929e-05,1.2049032118450729,5.275568664760334e-05,2019-01-03,2023-11-30,1237,2023-12-01,2023-12-29,20
2023-11-30,markowitz_best_sharpe_default,0.09658668267191367,9.658668267191367e-05,1.11117292300643,0.00010732450650804481,2019-01-03,2023-11-30,1237,2023-12-01,2023-12-29,20
2023-11-30,cvar_bootstrap,0.3448588765497505,0.0003448588765497505,1.095897065092351,0.00037792983068191696,2019-01-03,2023-11-30,1237,2023-12-01,2023-12-29,20
2023-11-30,cvar_montecarlo,0.2760581913673016,0.0002760581913673016,1.0662659394375995,0.0002943514467577005,2019-01-03,2023-11-30,1237,2023-12-01,2023-12-29,20
2023-12-29,equal,0.0514437901787883,5.14437901787883e-05,1.3409892034174935,6.898556721263e-05,2019-01-03,2023-12-29,1257,2024-01-02,2024-01-31,21
2023-12-29,inverse_volatility,0.048199877122596324,4.8199877122596326e-05,1.3313069255472583,6.416883022383934e-05,2019-01-03,2023-12-29,1257,2024-01-02,2024-01-31,21
2023-12-29,risk_parity,0.05201558666416815,5.201558666416815e-05,1.268445181157845,6.597892024926236e-05,2019-01-03,2023-12-29,1257,2024-01-02,2024-01-31,21
2023-12-29,markowitz_best_sharpe_default,0.11599175578079406,0.00011599175578079406,1.1873606550643345,0.00013772404712594595,2019-01-03,2023-12-29,1257,2024-01-02,2024-01-31,21
2023-12-29,cvar_bootstrap,0.33383135516078283,0.0003338313551607828,1.137420250382802,0.00037970654357260766,2019-01-03,2023-12-29,1257,2024-01-02,2024-01-31,21
2023-12-29,cvar_montecarlo,0.272979476481512,0.000272979476481512,1.111111638840321,0.00030331067348314566,2019-01-03,2023-12-29,1257,2024-01-02,2024-01-31,21
2024-01-31,equal,0.05763050625805554,5.763050625805554e-05,1.376117912960364,7.930637199468458e-05,2019-01-03,2024-01-31,1278,2024-02-01,2024-02-29,20
2024-01-31,inverse_volatility,0.05466018100338514,5.466018100338514e-05,1.3601963924905751,7.434858101368633e-05,2019-01-03,2024-01-31,1278,2024-02-01,2024-02-29,20
2024-01-31,risk_parity,0.05383471579143296,5.383471579143296e-05,1.2912456621955548,6.951384324121834e-05,2019-01-03,2024-01-31,1278,2024-02-01,2024-02-29,20
2024-01-31,markowitz_best_sharpe_default,0.10653671438748658,0.00010653671438748658,1.2620976794392171,0.00013445974000352547,2019-01-03,2024-01-31,1278,2024-02-01,2024-02-29,20
2024-01-31,cvar_bootstrap,0.4354757700049453,0.00043547577000494533,1.1576840142096503,0.0005041433375103635,2019-01-03,2024-01-31,1278,2024-02-01,2024-02-29,20
2024-01-31,cvar_montecarlo,0.21651750263579544,0.00021651750263579545,1.1203861551241,0.00024258321229519102,2019-01-03,2024-01-31,1278,2024-02-01,2024-02-29,20
2024-02-29,equal,0.06953636662611568,6.953636662611568e-05,1.4729937673294768,0.00010242663464300583,2019-01-03,2024-02-29,1298,2024-03-01,2024-03-28,20
2024-02-29,inverse_volatility,0.06294310481002893,6.294310481002894e-05,1.4493329970320183,9.122551873681969e-05,2019-01-03,2024-02-29,1298,2024-03-01,2024-03-28,20
2024-02-29,risk_parity,0.06402348203784834,6.402348203784834e-05,1.3672540482557252,8.753636499967584e-05,2019-01-03,2024-02-29,1298,2024-03-01,2024-03-28,20
2024-02-29,markowitz_best_sharpe_default,0.15949539308644756,0.00015949539308644756,1.4013173211243535,0.00022350365697157643,2019-01-03,2024-02-29,1298,2024-03-01,2024-03-28,20
2024-02-29,cvar_bootstrap,0.4179543502211348,0.0004179543502211348,1.1975720062548016,0.0005005304297172464,2019-01-03,2024-02-29,1298,2024-03-01,2024-03-28,20
2024-02-29,cvar_montecarlo,0.2263856062581385,0.0002263856062581385,1.1587612972761978,0.0002623268787923391,2019-01-03,2024-02-29,1298,2024-03-01,2024-03-28,20
2024-03-28,equal,0.05874701699765378,5.874701699765378e-05,1.560709571472104,9.168703172367263e-05,2019-01-03,2024-03-28,1318,2024-04-01,2024-04-30,22
2024-03-28,inverse_volatility,0.057261015473791935,5.726101547379194e-05,1.5198610384454818,8.702878644044022e-05,2019-01-03,2024-03-28,1318,2024-04-01,2024-04-30,22
2024-03-28,risk_parity,0.06075724591946999,6.075724591946999e-05,1.4457332467467363,8.783877040654525e-05,2019-01-03,2024-03-28,1318,2024-04-01,2024-04-30,22
2024-03-28,markowitz_best_sharpe_default,0.09385749284447385,9.385749284447386e-05,1.52678359154171,0.00014330008001818616,2019-01-03,2024-03-28,1318,2024-04-01,2024-04-30,22
2024-03-28,cvar_bootstrap,0.5195197473936233,0.0005195197473936233,1.2512740601435968,0.0006500615836459948,2019-01-03,2024-03-28,1318,2024-04-01,2024-04-30,22
2024-03-28,cvar_montecarlo,0.27604787149282195,0.00027604787149282194,1.2122559829061126,0.00033464068378567113,2019-01-03,2024-03-28,1318,2024-04-01,2024-04-30,22
2024-04-30,equal,0.043527533788396626,4.352753378839663e-05,1.5474188216364848,6.735532504358299e-05,2019-01-03,2024-04-30,1340,2024-05-01,2024-05-31,22
2024-04-30,inverse_volatility,0.0397861734549252,3.97861734549252e-05,1.5046199536199212,5.9863070458463695e-05,2019-01-03,2024-04-30,1340,2024-05-01,2024-05-31,22
2024-04-30,risk_parity,0.04222867494912054,4.222867494912054e-05,1.438732847110031,6.0755781739232236e-05,2019-01-03,2024-04-30,1340,2024-05-01,2024-05-31,22
2024-04-30,markowitz_best_sharpe_default,0.07038485253636828,7.038485253636828e-05,1.5289457623059803,0.00010761462201601162,2019-01-03,2024-04-30,1340,2024-05-01,2024-05-31,22
2024-04-30,cvar_bootstrap,0.5296285628193078,0.0005296285628193078,1.2553325634851578,0.0006648599814589216,2019-01-03,2024-04-30,1340,2024-05-01,2024-05-31,22
2024-04-30,cvar_montecarlo,0.21453979935214423,0.00021453979935214424,1.2159342477686783,0.00026086628954169266,2019-01-03,2024-04-30,1340,2024-05-01,2024-05-31,22
2024-05-31,equal,0.06310388785914336,6.310388785914337e-05,1.6729820482734696,0.000105571671564609,2019-01-03,2024-05-31,1362,2024-06-03,2024-06-28,19
2024-05-31,inverse_volatility,0.05495825944947903,5.4958259449479036e-05,1.6053595350420224,8.82277658365345e-05,2019-01-03,2024-05-31,1362,2024-06-03,2024-06-28,19
2024-05-31,risk_parity,0.059934989016991624,5.993498901699163e-05,1.5370342993210615,9.212213384854725e-05,2019-01-03,2024-05-31,1362,2024-06-03,2024-06-28,19
2024-05-31,markowitz_best_sharpe_default,0.1469074815316661,0.0001469074815316661,1.6953886532514624,0.00024906527726653544,2019-01-03,2024-05-31,1362,2024-06-03,2024-06-28,19
2024-05-31,cvar_bootstrap,0.25971584869283343,0.00025971584869283345,1.3089224680456624,0.00033994790966159735,2019-01-03,2024-05-31,1362,2024-06-03,2024-06-28,19
2024-05-31,cvar_montecarlo,0.29840662964118725,0.00029840662964118725,1.2642565726044872,0.00037726254283262396,2019-01-03,2024-05-31,1362,2024-06-03,2024-06-28,19
2024-06-28,equal,0.06105492854842315,6.105492854842314e-05,1.6736476598542935,0.0001021844382876395,2019-01-03,2024-06-28,1381,2024-07-01,2024-07-31,22
2024-06-28,inverse_volatility,0.05293189061143119,5.2931890611431194e-05,1.6178586945962339,8.563631944712072e-05,2019-01-03,2024-06-28,1381,2024-07-01,2024-07-31,22
2024-06-28,risk_parity,0.054073371777465615,5.407337177746561e-05,1.5374772318313954,8.313657795620773e-05,2019-01-03,2024-06-28,1381,2024-07-01,2024-07-31,22
2024-06-28,markowitz_best_sharpe_default,0.1821676386090192,0.0001821676386090192,1.659171764026529,0.00030224740229947364,2019-01-03,2024-06-28,1381,2024-07-01,2024-07-31,22
2024-06-28,cvar_bootstrap,0.4778785364911902,0.0004778785364911902,1.3128631717464447,0.0006273891311273732,2019-01-03,2024-06-28,1381,2024-07-01,2024-07-31,22
2024-06-28,cvar_montecarlo,0.2460355846577193,0.0002460355846577193,1.2602111572334798,0.0003100567888621202,2019-01-03,2024-06-28,1381,2024-07-01,2024-07-31,22
2024-07-31,equal,0.05671487432548439,5.671487432548439e-05,1.7473407210282021,9.910020939691576e-05,2019-01-03,2024-07-31,1403,2024-08-01,2024-08-30,22
2024-07-31,inverse_volatility,0.05261251445806668,5.261251445806668e-05,1.6950827540422289,8.918256590466625e-05,2019-01-03,2024-07-31,1403,2024-08-01,2024-08-30,22
2024-07-31,risk_parity,0.05573641951777745,5.573641951777745e-05,1.6106413331816363,8.977138103888404e-05,2019-01-03,2024-07-31,1403,2024-08-01,2024-08-30,22
2024-07-31,markowitz_best_sharpe_default,0.13469906257967104,0.00013469906257967105,1.6651725577259713,0.00022429718255908152,2019-01-03,2024-07-31,1403,2024-08-01,2024-08-30,22
2024-07-31,cvar_bootstrap,0.4115353776753754,0.0004115353776753754,1.363589283302673,0.00056116523069806,2019-01-03,2024-07-31,1403,2024-08-01,2024-08-30,22
2024-07-31,cvar_montecarlo,0.22575740800287541,0.00022575740800287542,1.3085503741729276,0.0002954149407144729,2019-01-03,2024-07-31,1403,2024-08-01,2024-08-30,22
2024-08-30,equal,0.06768591242135558,6.768591242135558e-05,1.8153940263902517,0.00012287660108050265,2019-01-03,2024-08-30,1425,2024-09-03,2024-09-30,20
2024-08-30,inverse_volatility,0.05836865156797454,5.836865156797454e-05,1.7846071825260605,0.00010416511482256838,2019-01-03,2024-08-30,1425,2024-09-03,2024-09-30,20
2024-08-30,risk_parity,0.06563593809152123,6.563593809152123e-05,1.686205820069023,0.00011067570081561319,2019-01-03,2024-08-30,1425,2024-09-03,2024-09-30,20
2024-08-30,markowitz_best_sharpe_default,0.48908972123251493,0.000489089721232515,1.6971929460981505,0.0008300796248849352,2019-01-03,2024-08-30,1425,2024-09-03,2024-09-30,20
2024-08-30,cvar_bootstrap,0.4087996250507348,0.0004087996250507348,1.4621505933163723,0.0005977266143154424,2019-01-03,2024-08-30,1425,2024-09-03,2024-09-30,20
2024-08-30,cvar_montecarlo,0.18733581187153966,0.00018733581187153968,1.3937491135277205,0.00026109912172795426,2019-01-03,2024-08-30,1425,2024-09-03,2024-09-30,20
2024-09-30,equal,0.04609773561893368,4.609773561893368e-05,1.8526994608873344,8.540524992932531e-05,2019-01-03,2024-09-30,1445,2024-10-01,2024-10-31,23
2024-09-30,inverse_volatility,0.04219687477015569,4.219687477015569e-05,1.8177506596171433,7.67033969472325e-05,2019-01-03,2024-09-30,1445,2024-10-01,2024-10-31,23
2024-09-30,risk_parity,0.045947306825040536,4.594730682504054e-05,1.7137944389061945,7.874423891947111e-05,2019-01-03,2024-09-30,1445,2024-10-01,2024-10-31,23
2024-09-30,markowitz_best_sharpe_default,0.4825789408792129,0.00048257894087921287,1.6980483576115697,0.0008194423779778781,2019-01-03,2024-09-30,1445,2024-10-01,2024-10-31,23
2024-09-30,cvar_bootstrap,0.5197831733607496,0.0005197831733607497,1.4565330040040354,0.000757081346925883,2019-01-03,2024-09-30,1445,2024-10-01,2024-10-31,23
2024-09-30,cvar_montecarlo,0.24779042326657041,0.0002477904232665704,1.4001632547735168,0.0003469470455426286,2019-01-03,2024-09-30,1445,2024-10-01,2024-10-31,23
2024-10-31,equal,0.05883534405489384,5.8835344054893836e-05,1.833976556403807,0.0001079026416846274,2019-01-03,2024-10-31,1468,2024-11-01,2024-11-29,20
2024-10-31,inverse_volatility,0.0529488176453249,5.29488176453249e-05,1.805106368324798,9.557824792684442e-05,2019-01-03,2024-10-31,1468,2024-11-01,2024-11-29,20
2024-10-31,risk_parity,0.05497080546149774,5.497080546149774e-05,1.6922081495936108,9.302204499167144e-05,2019-01-03,2024-10-31,1468,2024-11-01,2024-11-29,20
2024-10-31,markowitz_best_sharpe_default,0.07844861887942597,7.844861887942597e-05,1.6920353521566658,0.00013273783647185357,2019-01-03,2024-10-31,1468,2024-11-01,2024-11-29,20
2024-10-31,cvar_bootstrap,0.4710395956258897,0.00047103959562588973,1.4402461923856396,0.000678412984063059,2019-01-03,2024-10-31,1468,2024-11-01,2024-11-29,20
2024-10-31,cvar_montecarlo,0.325349618679995,0.00032534961867999504,1.3712303846301264,0.00044612928276183453,2019-01-03,2024-10-31,1468,2024-11-01,2024-11-29,20
2024-11-29,equal,0.07910477133322633,7.910477133322633e-05,1.9340796956726547,0.00015299493206642132,2019-01-03,2024-11-29,1488,2024-12-02,2024-12-31,21
2024-11-29,inverse_volatility,0.07187692494286291,7.18769249428629e-05,1.9123029975344565,0.00013745045902179587,2019-01-03,2024-11-29,1488,2024-12-02,2024-12-31,21
2024-11-29,risk_parity,0.07774426628568666,7.774426628568666e-05,1.7830480424404047,0.00013862176181165915,2019-01-03,2024-11-29,1488,2024-12-02,2024-12-31,21
2024-11-29,markowitz_best_sharpe_default,0.11716762134441257,0.00011716762134441256,1.8286859270435651,0.0002142627802576965,2019-01-03,2024-11-29,1488,2024-12-02,2024-12-31,21
2024-11-29,cvar_bootstrap,0.3890691724972185,0.0003890691724972185,1.5328606790102182,0.00059638883593603,2019-01-03,2024-11-29,1488,2024-12-02,2024-12-31,21
2024-11-29,cvar_montecarlo,0.30656356530264817,0.00030656356530264816,1.4220848919265348,0.0004359594146320296,2019-01-03,2024-11-29,1488,2024-12-02,2024-12-31,21
2024-12-31,equal,0.05185066048457116,5.185066048457116e-05,1.802169371869496,9.344367223649811e-05,2019-01-03,2024-12-31,1509,2025-01-02,2025-01-31,20
2024-12-31,inverse_volatility,0.04951543725807843,4.951543725807843e-05,1.782054871104749,8.823922616064024e-05,2019-01-03,2024-12-31,1509,2025-01-02,2025-01-31,20
2024-12-31,risk_parity,0.050145078147752195,5.0145078147752194e-05,1.6657659775367406,8.352996511944669e-05,2019-01-03,2024-12-31,1509,2025-01-02,2025-01-31,20
2024-12-31,markowitz_best_sharpe_default,0.14205632962332626,0.00014205632962332627,1.6999797408407915,0.00024149288241785626,2019-01-03,2024-12-31,1509,2025-01-02,2025-01-31,20
2024-12-31,cvar_bootstrap,0.2495124418139164,0.0002495124418139164,1.4390984375285487,0.00035907296515834,2019-01-03,2024-12-31,1509,2025-01-02,2025-01-31,20
2024-12-31,cvar_montecarlo,0.29347469951844646,0.0002934746995184465,1.335497298140192,0.00039193466827939,2019-01-03,2024-12-31,1509,2025-01-02,2025-01-31,20
2025-01-31,equal,0.057550878790698604,5.755087879069861e-05,1.8562344473619241,0.0001068279236872455,2019-01-03,2025-01-31,1529,2025-02-03,2025-02-28,19
2025-01-31,inverse_volatility,0.051756699884129745,5.175669988412975e-05,1.836799242505664,9.506666714176252e-05,2019-01-03,2025-01-31,1529,2025-02-03,2025-02-28,19
2025-01-31,risk_parity,0.054856694891391396,5.4856694891391395e-05,1.7162081470174626,9.414550669105713e-05,2019-01-03,2025-01-31,1529,2025-02-03,2025-02-28,19
2025-01-31,markowitz_best_sharpe_default,0.07817922351995768,7.817922351995768e-05,1.7305564166483547,0.00013529355691104872,2019-01-03,2025-01-31,1529,2025-02-03,2025-02-28,19
2025-01-31,cvar_bootstrap,0.5154468095172322,0.0005154468095172322,1.4692749375103749,0.0007573330788433535,2019-01-03,2025-01-31,1529,2025-02-03,2025-02-28,19
2025-01-31,cvar_montecarlo,0.43372432388623283,0.00043372432388623285,1.3675321356885002,0.0005931319509441908,2019-01-03,2025-01-31,1529,2025-02-03,2025-02-28,19
2025-02-28,equal,0.08226459873296031,8.226459873296032e-05,1.8820663676835645,0.00015482743452628858,2019-01-03,2025-02-28,1548,2025-03-03,2025-03-31,21
2025-02-28,inverse_volatility,0.07351292186752224,7.351292186752224e-05,1.89159944435982,0.00013905700215787194,2019-01-03,2025-02-28,1548,2025-03-03,2025-03-31,21
2025-02-28,risk_parity,0.07315091240895694,7.315091240895694e-05,1.7600947728620435,0.0001287525385610943,2019-01-03,2025-02-28,1548,2025-03-03,2025-03-31,21
2025-02-28,markowitz_best_sharpe_default,0.11500014736858416,0.00011500014736858416,1.7525543314309167,0.0002015440063860059,2019-01-03,2025-02-28,1548,2025-03-03,2025-03-31,21
2025-02-28,cvar_bootstrap,0.24347939016150194,0.00024347939016150193,1.5687067149894776,0.00038194775430789105,2019-01-03,2025-02-28,1548,2025-03-03,2025-03-31,21
2025-02-28,cvar_montecarlo,0.2968997135784402,0.0002968997135784402,1.4572613742867118,0.00043266048463464884,2019-01-03,2025-02-28,1548,2025-03-03,2025-03-31,21
2025-03-31,equal,0.08280208497809152,8.280208497809152e-05,1.8222009894176685,0.00015088204117292425,2019-01-03,2025-03-31,1569,2025-04-01,2025-04-30,21
2025-03-31,inverse_volatility,0.07453796350672048,7.453796350672049e-05,1.8522606651995093,0.00013806373786757483,2019-01-03,2025-03-31,1569,2025-04-01,2025-04-30,21
2025-03-31,risk_parity,0.07471928775303885,7.471928775303885e-05,1.7285870843331737,0.00012915879576047684,2019-01-03,2025-03-31,1569,2025-04-01,2025-04-30,21
2025-03-31,markowitz_best_sharpe_default,0.11568963770025276,0.00011568963770025276,1.6461965693724079,0.0001904478846940929,2019-01-03,2025-03-31,1569,2025-04-01,2025-04-30,21
2025-03-31,cvar_bootstrap,0.4506738322892054,0.0004506738322892054,1.5880811354649629,0.0007157066113061875,2019-01-03,2025-03-31,1569,2025-04-01,2025-04-30,21
2025-03-31,cvar_montecarlo,0.3393945893556163,0.0003393945893556163,1.4495887743636258,0.0004919825868096539,2019-01-03,2025-03-31,1569,2025-04-01,2025-04-30,21
2025-04-30,equal,0.04889236558800621,4.889236558800622e-05,1.8816191217202338,9.199680999652884e-05,2019-01-03,2025-04-30,1590,2025-05-01,2025-05-30,21
2025-04-30,inverse_volatility,0.04719451743177064,4.719451743177064e-05,1.9084998942347027,9.00707315269921e-05,2019-01-03,2025-04-30,1590,2025-05-01,2025-05-30,21
2025-04-30,risk_parity,0.04987354631059167,4.987354631059167e-05,1.7810589083839432,8.882772394917843e-05,2019-01-03,2025-04-30,1590,2025-05-01,2025-05-30,21
2025-04-30,markowitz_best_sharpe_default,0.14464121864039098,0.000144641218640391,1.7266731344637876,0.0002497481063624659,2019-01-03,2025-04-30,1590,2025-05-01,2025-05-30,21
2025-04-30,cvar_bootstrap,0.5120770503106766,0.0005120770503106766,1.6330040103489392,0.0008362238767649904,2019-01-03,2025-04-30,1590,2025-05-01,2025-05-30,21
2025-04-30,cvar_montecarlo,0.19514579829286116,0.00019514579829286115,1.4910977534102663,0.00029098146142193825,2019-01-03,2025-04-30,1590,2025-05-01,2025-05-30,21
2025-05-30,equal,0.0862272715373068,8.622727153730681e-05,1.9612137735399418,0.00016911011259373472,2019-01-03,2025-05-30,1611,2025-06-02,2025-06-30,20
2025-05-30,inverse_volatility,0.07490719621661004,7.490719621661005e-05,1.9691846135696136,0.00014750609823538849,2019-01-03,2025-05-30,1611,2025-06-02,2025-06-30,20
2025-05-30,risk_parity,0.07114025169681684,7.114025169681684e-05,1.826451036487621,0.00012993418644764135,2019-01-03,2025-05-30,1611,2025-06-02,2025-06-30,20
2025-05-30,markowitz_best_sharpe_default,0.1350914705394612,0.00013509147053946118,1.8347637773171142,0.00024786093677030545,2019-01-03,2025-05-30,1611,2025-06-02,2025-06-30,20
2025-05-30,cvar_bootstrap,0.36123001128266286,0.0003612300112826629,1.661613667684215,0.0006002247239249958,2019-01-03,2025-05-30,1611,2025-06-02,2025-06-30,20
2025-05-30,cvar_montecarlo,0.307770141444603,0.000307770141444603,1.4829388467191462,0.00045640429860844807,2019-01-03,2025-05-30,1611,2025-06-02,2025-06-30,20
2025-06-30,equal,0.05554730634941948,5.554730634941948e-05,2.066802568432551,0.00011480531543248992,2019-01-03,2025-06-30,1631,2025-07-01,2025-07-31,22
2025-06-30,inverse_volatility,0.05441081395428212,5.4410813954282124e-05,2.0521139331698945,0.00011165718943069728,2019-01-03,2025-06-30,1631,2025-07-01,2025-07-31,22
2025-06-30,risk_parity,0.051540157175595035,5.154015717559503e-05,1.9082145259056962,9.834967658993314e-05,2019-01-03,2025-06-30,1631,2025-07-01,2025-07-31,22
2025-06-30,markowitz_best_sharpe_default,0.06113666505558697,6.113666505558697e-05,1.9360074898111752,0.00011836104144969352,2019-01-03,2025-06-30,1631,2025-07-01,2025-07-31,22
2025-06-30,cvar_bootstrap,0.344763178094042,0.000344763178094042,1.6888564249921298,0.0005822555084248288,2019-01-03,2025-06-30,1631,2025-07-01,2025-07-31,22
2025-06-30,cvar_montecarlo,0.37793661395742073,0.00037793661395742076,1.5219404825853837,0.0005751970326330428,2019-01-03,2025-06-30,1631,2025-07-01,2025-07-31,22
2025-07-31,equal,0.05508659023465061,5.508659023465061e-05,2.072286925606036,0.00011415522071948359,2019-01-03,2025-07-31,1653,2025-08-01,2025-08-29,21
2025-07-31,inverse_volatility,0.051994938224600065,5.1994938224600066e-05,2.039865814944501,0.0001060626970345128,2019-01-03,2025-07-31,1653,2025-08-01,2025-08-29,21
2025-07-31,risk_parity,0.05257109627479736,5.257109627479737e-05,1.899797570708288,9.987444099233156e-05,2019-01-03,2025-07-31,1653,2025-08-01,2025-08-29,21
2025-07-31,markowitz_best_sharpe_default,0.1093519756896831,0.0001093519756896831,1.9341241825142341,0.00021150030058712473,2019-01-03,2025-07-31,1653,2025-08-01,2025-08-29,21
2025-07-31,cvar_bootstrap,0.3364133212895688,0.0003364133212895688,1.6466685196394515,0.0005539612257548854,2019-01-03,2025-07-31,1653,2025-08-01,2025-08-29,21
2025-07-31,cvar_montecarlo,0.27143465650278065,0.00027143465650278066,1.4888819458002727,0.0004041341595314887,2019-01-03,2025-07-31,1653,2025-08-01,2025-08-29,21
2025-08-29,equal,0.06539602534795334,6.539602534795335e-05,2.1161282823328142,0.0001383863787909577,2019-01-03,2025-08-29,1674,2025-09-02,2025-09-30,21
2025-08-29,inverse_volatility,0.05778669947291172,5.778669947291172e-05,2.0966362254664284,0.00012115768746504848,2019-01-03,2025-08-29,1674,2025-09-02,2025-09-30,21
2025-08-29,risk_parity,0.0633698833586365,6.336988335863649e-05,1.95153972844868,0.00012366884496153798,2019-01-03,2025-08-29,1674,2025-09-02,2025-09-30,21
2025-08-29,markowitz_best_sharpe_default,0.09645789997842551,9.645789997842551e-05,1.8771732651783544,0.00018106819105474813,2019-01-03,2025-08-29,1674,2025-09-02,2025-09-30,21
2025-08-29,cvar_bootstrap,0.43878778505888166,0.00043878778505888167,1.705151776876029,0.0007481997713646491,2019-01-03,2025-08-29,1674,2025-09-02,2025-09-30,21
2025-08-29,cvar_montecarlo,0.22042359151332983,0.00022042359151332983,1.5402663992577046,0.00033951105161168766,2019-01-03,2025-08-29,1674,2025-09-02,2025-09-30,21
2025-09-30,equal,0.0706306639191728,7.06306639191728e-05,2.248069954551005,0.00015878267342668212,2019-01-03,2025-09-30,1695,2025-10-01,2025-10-31,23
2025-09-30,inverse_volatility,0.07312087199820218,7.312087199820218e-05,2.2083702239452823,0.00016147795646974408,2019-01-03,2025-09-30,1695,2025-10-01,2025-10-31,23
2025-09-30,risk_parity,0.07247438616845822,7.247438616845822e-05,2.052585941312132,0.0001487599061546038,2019-01-03,2025-09-30,1695,2025-10-01,2025-10-31,23
2025-09-30,markowitz_best_sharpe_default,0.14198627620230123,0.00014198627620230122,1.9968730114252757,0.0002835285629411502,2019-01-03,2025-09-30,1695,2025-10-01,2025-10-31,23
2025-09-30,cvar_bootstrap,0.25431107580354756,0.0002543110758035476,1.7724293725317886,0.00045074842051436595,2019-01-03,2025-09-30,1695,2025-10-01,2025-10-31,23
2025-09-30,cvar_montecarlo,0.25505578372628107,0.0002550557837262811,1.5895654311523717,0.0004054278568267721,2019-01-03,2025-09-30,1695,2025-10-01,2025-10-31,23
2025-10-31,equal,0.07704965035658208,7.704965035658208e-05,2.2737969702491427,0.00017519526153955212,2019-01-03,2025-10-31,1718,2025-11-03,2025-11-28,19
2025-10-31,inverse_volatility,0.07329453288819684,7.329453288819685e-05,2.2049188198826997,0.0001616084949596967,2019-01-03,2025-10-31,1718,2025-11-03,2025-11-28,19
2025-10-31,risk_parity,0.0725584222276065,7.255842222760651e-05,2.0428308100749146,0.00014822458045697908,2019-01-03,2025-10-31,1718,2025-11-03,2025-11-28,19
2025-10-31,markowitz_best_sharpe_default,0.09424783971187412,9.424783971187411e-05,2.0843335806110854,0.00019644393721151022,2019-01-03,2025-10-31,1718,2025-11-03,2025-11-28,19
2025-10-31,cvar_bootstrap,0.5768177936966232,0.0005768177936966233,1.7069893806558918,0.000984621848413497,2019-01-03,2025-10-31,1718,2025-11-03,2025-11-28,19
2025-10-31,cvar_montecarlo,0.4069992069984519,0.00040699920699845186,1.5458770593180269,0.0006291707372595357,2019-01-03,2025-10-31,1718,2025-11-03,2025-11-28,19
2025-11-28,equal,0.0632461345846467,6.32461345846467e-05,2.332353807495582,0.00014751236280787874,2019-01-03,2025-11-28,1737,2025-12-01,2025-12-31,22
2025-11-28,inverse_volatility,0.05980917984637564,5.980917984637564e-05,2.274614237459617,0.00013604281200934882,2019-01-03,2025-11-28,1737,2025-12-01,2025-12-31,22
2025-11-28,risk_parity,0.05946914473411013,5.946914473411013e-05,2.1152199768115842,0.00012579032294548917,2019-01-03,2025-11-28,1737,2025-12-01,2025-12-31,22
2025-11-28,markowitz_best_sharpe_default,0.09397488628915349,9.397488628915348e-05,2.17547939803585,0.0002044404290548151,2019-01-03,2025-11-28,1737,2025-12-01,2025-12-31,22
2025-11-28,cvar_bootstrap,0.4133803686980555,0.0004133803686980555,1.8004139469784655,0.0007442557812110794,2019-01-03,2025-11-28,1737,2025-12-01,2025-12-31,22
2025-11-28,cvar_montecarlo,0.35058111913615364,0.00035058111913615367,1.6347147390237842,0.0005731001226753237,2019-01-03,2025-11-28,1737,2025-12-01,2025-12-31,22
2025-12-31,equal,0.0491802528228008,4.91802528228008e-05,2.3350140136890003,0.00011483657953800788,2019-01-03,2025-12-31,1759,2026-01-02,2026-01-30,20
2025-12-31,inverse_volatility,0.04397001589943473,4.397001589943473e-05,2.264153270589386,9.955485530657244e-05,2019-01-03,2025-12-31,1759,2026-01-02,2026-01-30,20
2025-12-31,risk_parity,0.04839653259606778,4.8396532596067775e-05,2.115753353115658,0.00010239512611930163,2019-01-03,2025-12-31,1759,2026-01-02,2026-01-30,20
2025-12-31,markowitz_best_sharpe_default,0.07161568224334648,7.161568224334648e-05,2.131667863246784,0.00015266084834263504,2019-01-03,2025-12-31,1759,2026-01-02,2026-01-30,20
2025-12-31,cvar_bootstrap,0.27719112662233647,0.00027719112662233646,1.8126698316089587,0.0005024559928180082,2019-01-03,2025-12-31,1759,2026-01-02,2026-01-30,20
2025-12-31,cvar_montecarlo,0.29148297020178027,0.00029148297020178027,1.6336867919962312,0.00047619187851047947,2019-01-03,2025-12-31,1759,2026-01-02,2026-01-30,20
2026-01-30,equal,0.0786543596534702,7.865435965347021e-05,2.5199794546822876,0.00019820737034793637,2019-01-03,2026-01-30,1779,2026-02-02,2026-02-27,19
2026-01-30,inverse_volatility,0.06896503364537543,6.896503364537543e-05,2.408031898721209,0.00016607000091444543,2019-01-03,2026-01-30,1779,2026-02-02,2026-02-27,19
2026-01-30,risk_parity,0.07383780983391766,7.383780983391766e-05,2.2601468440689687,0.00016688429286909368,2019-01-03,2026-01-30,1779,2026-02-02,2026-02-27,19
2026-01-30,markowitz_best_sharpe_default,0.11523026119993295,0.00011523026119993295,2.305507410645381,0.0002656642211270483,2019-01-03,2026-01-30,1779,2026-02-02,2026-02-27,19
2026-01-30,cvar_bootstrap,0.33562276796235746,0.0003356227679623575,1.9084424954474528,0.000640516752819063,2019-01-03,2026-01-30,1779,2026-02-02,2026-02-27,19
2026-01-30,cvar_montecarlo,0.27195549592241697,0.00027195549592241695,1.7247452147864428,0.0004690539402270626,2019-01-03,2026-01-30,1779,2026-02-02,2026-02-27,19
2026-02-27,equal,0.06664256264184767,6.664256264184768e-05,2.797034912768532,0.00018640157438561185,2019-01-03,2026-02-27,1798,2026-03-02,2026-03-31,22
2026-02-27,inverse_volatility,0.06136390846402671,6.13639084640267e-05,2.6565802499123987,0.00016301814728296563,2019-01-03,2026-02-27,1798,2026-03-02,2026-03-31,22
2026-02-27,risk_parity,0.059241459219580336,5.9241459219580335e-05,2.4970443758259377,0.00014792855255997472,2019-01-03,2026-02-27,1798,2026-03-02,2026-03-31,22
2026-02-27,markowitz_best_sharpe_default,0.5704749152299307,0.0005704749152299306,2.5909435097725626,0.0014780682791030416,2019-01-03,2026-02-27,1798,2026-03-02,2026-03-31,22
2026-02-27,cvar_bootstrap,0.26141566053463544,0.00026141566053463543,2.091961634224277,0.0005468715324238548,2019-01-03,2026-02-27,1798,2026-03-02,2026-03-31,22
2026-02-27,cvar_montecarlo,0.24675758226426198,0.000246757582264262,1.880512478425382,0.0004640307125940224,2019-01-03,2026-02-27,1798,2026-03-02,2026-03-31,22
2026-03-31,equal,0.05010057227847315,5.010057227847315e-05,2.627034888937823,0.00013161595133130008,2019-01-03,2026-03-31,1820,2026-04-01,2026-04-30,21
2026-03-31,inverse_volatility,0.049449941113115035,4.944994111311504e-05,2.496718891869461,0.00012346260217894667,2019-01-03,2026-03-31,1820,2026-04-01,2026-04-30,21
2026-03-31,risk_parity,0.05056748940962217,5.056748940962217e-05,2.345611458463459,0.00011861168258493937,2019-01-03,2026-03-31,1820,2026-04-01,2026-04-30,21
2026-03-31,markowitz_best_sharpe_default,0.5327396057722418,0.0005327396057722418,2.4103696948828843,0.0012840994010172666,2019-01-03,2026-03-31,1820,2026-04-01,2026-04-30,21
2026-03-31,cvar_bootstrap,0.25839043426773667,0.0002583904342677367,1.9644991609542646,0.0005076077913175768,2019-01-03,2026-03-31,1820,2026-04-01,2026-04-30,21
2026-03-31,cvar_montecarlo,0.2672354266993804,0.0002672354266993804,1.7595288783685048,0.0004702084506006896,2019-01-03,2026-03-31,1820,2026-04-01,2026-04-30,21
2026-04-30,equal,0.11707288054085316,0.00011707288054085316,2.817330135390233,0.00032983295438468636,2019-01-03,2026-04-30,1841,2026-05-01,2026-05-01,1
2026-04-30,inverse_volatility,0.10266151712604342,0.00010266151712604343,2.638122676372287,0.0002708336763209971,2019-01-03,2026-04-30,1841,2026-05-01,2026-05-01,1
2026-04-30,risk_parity,0.09810291135944162,9.810291135944163e-05,2.4564854705515993,0.0002409883763732798,2019-01-03,2026-04-30,1841,2026-05-01,2026-05-01,1
2026-04-30,markowitz_best_sharpe_default,0.1415446509898366,0.0001415446509898366,2.729698630627177,0.00038637423997955867,2019-01-03,2026-04-30,1841,2026-05-01,2026-05-01,1
2026-04-30,cvar_bootstrap,0.2953106047263362,0.0002953106047263362,2.0093189284797592,0.0005933731878574316,2019-01-03,2026-04-30,1841,2026-05-01,2026-05-01,1
2026-04-30,cvar_montecarlo,0.38021166815154417,0.00038021166815154417,1.7657118356294699,0.0006713442424996059,2019-01-03,2026-04-30,1841,2026-05-01,2026-05-01,1
