rebalance_date,method,turnover,transaction_cost_rate,equity_before_cost,transaction_cost_value,train_start_date,train_end_date,train_observations,selected_count,holding_start_date,holding_end_date,holding_observations
2021-12-31,equal,1.0,0.001,1.0,0.001,2019-01-03,2021-12-31,756,25,2022-01-03,2022-01-31,20
2021-12-31,inverse_volatility,1.0,0.001,1.0,0.001,2019-01-03,2021-12-31,756,25,2022-01-03,2022-01-31,20
2021-12-31,risk_parity,0.9999999999999998,0.0009999999999999998,1.0,0.0009999999999999998,2019-01-03,2021-12-31,756,25,2022-01-03,2022-01-31,20
2021-12-31,markowitz_best_sharpe_default,1.0,0.001,1.0,0.001,2019-01-03,2021-12-31,756,25,2022-01-03,2022-01-31,20
2021-12-31,cvar_bootstrap,1.0000000000000002,0.0010000000000000002,1.0,0.0010000000000000002,2019-01-03,2021-12-31,756,25,2022-01-03,2022-01-31,20
2021-12-31,cvar_montecarlo,1.0000000000000002,0.0010000000000000002,1.0,0.0010000000000000002,2019-01-03,2021-12-31,756,25,2022-01-03,2022-01-31,20
2022-01-31,equal,0.8530627681651459,0.000853062768165146,0.8881628818199898,0.0007576586865468939,2019-01-03,2022-01-31,776,25,2022-02-01,2022-02-28,19
2022-01-31,inverse_volatility,0.8996243681859944,0.0008996243681859945,0.8902663819561568,0.0008009053313845388,2019-01-03,2022-01-31,776,25,2022-02-01,2022-02-28,19
2022-01-31,risk_parity,0.8755117797528125,0.0008755117797528125,0.8934411990210512,0.0007822182942594073,2019-01-03,2022-01-31,776,25,2022-02-01,2022-02-28,19
2022-01-31,markowitz_best_sharpe_default,0.5042712183466079,0.000504271218346608,0.8587521796145935,0.0004330440078720562,2019-01-03,2022-01-31,776,25,2022-02-01,2022-02-28,19
2022-01-31,cvar_bootstrap,0.9538107122865515,0.0009538107122865515,0.8916606787000122,0.0008504755070687685,2019-01-03,2022-01-31,776,25,2022-02-01,2022-02-28,19
2022-01-31,cvar_montecarlo,0.9283867817346658,0.0009283867817346658,0.8913224479816156,0.0008274919789695162,2019-01-03,2022-01-31,776,25,2022-02-01,2022-02-28,19
2022-02-28,equal,0.7554140291139338,0.0007554140291139339,0.8799377721589604,0.000664717337836139,2019-01-03,2022-02-28,795,25,2022-03-01,2022-03-31,23
2022-02-28,inverse_volatility,0.7663122937085771,0.0007663122937085771,0.8856182754581475,0.0006786601720165675,2019-01-03,2022-02-28,795,25,2022-03-01,2022-03-31,23
2022-02-28,risk_parity,0.7410806170962344,0.0007410806170962344,0.8872044727622415,0.0006574900381651812,2019-01-03,2022-02-28,795,25,2022-03-01,2022-03-31,23
2022-02-28,markowitz_best_sharpe_default,0.5175131752931067,0.0005175131752931067,0.8463227088663591,0.000437983152388093,2019-01-03,2022-02-28,795,25,2022-03-01,2022-03-31,23
2022-02-28,cvar_bootstrap,0.7656323609758212,0.0007656323609758212,0.8994151737341687,0.0006886213629635699,2019-01-03,2022-02-28,795,25,2022-03-01,2022-03-31,23
2022-02-28,cvar_montecarlo,0.7772004257893024,0.0007772004257893024,0.8900217661218629,0.0006917252955916587,2019-01-03,2022-02-28,795,25,2022-03-01,2022-03-31,23
2022-03-31,equal,0.5214284943732335,0.0005214284943732334,0.9350380747853034,0.0004875554955169476,2019-01-03,2022-03-31,818,25,2022-04-01,2022-04-29,20
2022-03-31,inverse_volatility,0.5180029027406767,0.0005180029027406767,0.9418769327690648,0.0004878949851988608,2019-01-03,2022-03-31,818,25,2022-04-01,2022-04-29,20
2022-03-31,risk_parity,0.47280628957415516,0.00047280628957415517,0.944116792342456,0.0004463843575120898,2019-01-03,2022-03-31,818,25,2022-04-01,2022-04-29,20
2022-03-31,markowitz_best_sharpe_default,0.5629323379302882,0.0005629323379302882,0.9064838110820105,0.0005102890510683538,2019-01-03,2022-03-31,818,25,2022-04-01,2022-04-29,20
2022-03-31,cvar_bootstrap,0.5943414104310711,0.0005943414104310711,0.9718285898355304,0.0005775979747800881,2019-01-03,2022-03-31,818,25,2022-04-01,2022-04-29,20
2022-03-31,cvar_montecarlo,0.5429857094389745,0.0005429857094389745,0.9311193567380933,0.0005055845044907952,2019-01-03,2022-03-31,818,25,2022-04-01,2022-04-29,20
2022-04-29,equal,0.6930537450239483,0.0006930537450239484,0.8624599482988454,0.0005977310971016757,2019-01-03,2022-04-29,838,25,2022-05-02,2022-05-31,21
2022-04-29,inverse_volatility,0.7088167641210994,0.0007088167641210994,0.8764621128088039,0.0006212510386758784,2019-01-03,2022-04-29,838,25,2022-05-02,2022-05-31,21
2022-04-29,risk_parity,0.6282061591977912,0.0006282061591977912,0.8769096918144177,0.0005508800694580541,2019-01-03,2022-04-29,838,25,2022-05-02,2022-05-31,21
2022-04-29,markowitz_best_sharpe_default,0.25497421280417815,0.00025497421280417813,0.8201310647844776,0.0002091122726396746,2019-01-03,2022-04-29,838,25,2022-05-02,2022-05-31,21
2022-04-29,cvar_bootstrap,0.4910753266963801,0.0004910753266963801,0.9151556415311947,0.00044941035564296676,2019-01-03,2022-04-29,838,25,2022-05-02,2022-05-31,21
2022-04-29,cvar_montecarlo,0.43199350168375167,0.00043199350168375165,0.8745959310912343,0.00037781975883046347,2019-01-03,2022-04-29,838,25,2022-05-02,2022-05-31,21
2022-05-31,equal,0.5302639303578647,0.0005302639303578646,0.8476109210197814,0.0004494574983941989,2019-01-03,2022-05-31,859,25,2022-06-01,2022-06-30,21
2022-05-31,inverse_volatility,0.5297604591832681,0.0005297604591832681,0.8580210145830182,0.0004545456066743933,2019-01-03,2022-05-31,859,25,2022-06-01,2022-06-30,21
2022-05-31,risk_parity,0.5409178938542267,0.0005409178938542268,0.8612975956687344,0.0004658912814308412,2019-01-03,2022-05-31,859,25,2022-06-01,2022-06-30,21
2022-05-31,markowitz_best_sharpe_default,0.4908205217595921,0.0004908205217595921,0.7990860806299854,0.00039220784702563696,2019-01-03,2022-05-31,859,25,2022-06-01,2022-06-30,21
2022-05-31,cvar_bootstrap,0.7731403209833284,0.0007731403209833284,0.9027211239064895,0.0006979300994954942,2019-01-03,2022-05-31,859,25,2022-06-01,2022-06-30,21
2022-05-31,cvar_montecarlo,0.7420149281271722,0.0007420149281271722,0.866895166133596,0.0006432491543924132,2019-01-03,2022-05-31,859,25,2022-06-01,2022-06-30,21
2022-06-30,equal,0.7641776666163197,0.0007641776666163198,0.804480738244333,0.0006147662133893287,2019-01-03,2022-06-30,880,25,2022-07-01,2022-07-29,20
2022-06-30,inverse_volatility,0.7991309396291647,0.0007991309396291647,0.8218716057297466,0.0006567830285413428,2019-01-03,2022-06-30,880,25,2022-07-01,2022-07-29,20
2022-06-30,risk_parity,0.718423562379052,0.000718423562379052,0.818800698771497,0.000588245714889876,2019-01-03,2022-06-30,880,25,2022-07-01,2022-07-29,20
2022-06-30,markowitz_best_sharpe_default,0.5198043848027264,0.0005198043848027264,0.7633049283519137,0.0003967692486988556,2019-01-03,2022-06-30,880,25,2022-07-01,2022-07-29,20
2022-06-30,cvar_bootstrap,0.692662700018094,0.0006926627000180941,0.8711387474731231,0.0006034053169151142,2019-01-03,2022-06-30,880,25,2022-07-01,2022-07-29,20
2022-06-30,cvar_montecarlo,0.8062611279828557,0.0008062611279828557,0.8343612150061221,0.000672713014355982,2019-01-03,2022-06-30,880,25,2022-07-01,2022-07-29,20
2022-07-29,equal,0.4610555381688143,0.0004610555381688143,0.8812634534569098,0.0004063113958020834,2019-01-03,2022-07-29,900,25,2022-08-01,2022-08-31,23
2022-07-29,inverse_volatility,0.4636201295832134,0.00046362012958321345,0.889542187660582,0.0004124096643129342,2019-01-03,2022-07-29,900,25,2022-08-01,2022-08-31,23
2022-07-29,risk_parity,0.4420343914556113,0.0004420343914556113,0.8772330156303288,0.0003877671622289232,2019-01-03,2022-07-29,900,25,2022-08-01,2022-08-31,23
2022-07-29,markowitz_best_sharpe_default,0.4633681464713428,0.0004633681464713428,0.8045673483422604,0.00037281088091271637,2019-01-03,2022-07-29,900,25,2022-08-01,2022-08-31,23
2022-07-29,cvar_bootstrap,0.610411557376148,0.0006104115573761481,0.8802731876112978,0.0005373289273662785,2019-01-03,2022-07-29,900,25,2022-08-01,2022-08-31,23
2022-07-29,cvar_montecarlo,0.6178133482411112,0.0006178133482411112,0.8515911793063361,0.000526124397819844,2019-01-03,2022-07-29,900,25,2022-08-01,2022-08-31,23
2022-08-31,equal,0.5942148526244138,0.0005942148526244138,0.8500272317495442,0.0005050988062407938,2019-01-03,2022-08-31,923,25,2022-09-01,2022-09-30,21
2022-08-31,inverse_volatility,0.6074730543631242,0.0006074730543631242,0.8614149916536528,0.0005232863960540296,2019-01-03,2022-08-31,923,25,2022-09-01,2022-09-30,21
2022-08-31,risk_parity,0.5498446606157694,0.0005498446606157694,0.8459323985509718,0.0004651314125851429,2019-01-03,2022-08-31,923,25,2022-09-01,2022-09-30,21
2022-08-31,markowitz_best_sharpe_default,0.6924941334388358,0.0006924941334388358,0.7587808241129039,0.0005254512692640711,2019-01-03,2022-08-31,923,25,2022-09-01,2022-09-30,21
2022-08-31,cvar_bootstrap,0.637774899005178,0.000637774899005178,0.8438300536985681,0.0005381736272751383,2019-01-03,2022-08-31,923,25,2022-09-01,2022-09-30,21
2022-08-31,cvar_montecarlo,0.5843222407575432,0.0005843222407575432,0.8152327043418962,0.0004763586005398885,2019-01-03,2022-08-31,923,25,2022-09-01,2022-09-30,21
2022-09-30,equal,0.5959093546411904,0.0005959093546411905,0.8023771676110275,0.00047814406012991375,2019-01-03,2022-09-30,944,25,2022-10-03,2022-10-31,21
2022-09-30,inverse_volatility,0.6027971965210664,0.0006027971965210664,0.81429616098662,0.0004908554429806015,2019-01-03,2022-09-30,944,25,2022-10-03,2022-10-31,21
2022-09-30,risk_parity,0.5252812819911897,0.0005252812819911898,0.8000360711695597,0.00042024397310314103,2019-01-03,2022-09-30,944,25,2022-10-03,2022-10-31,21
2022-09-30,markowitz_best_sharpe_default,0.5636633932297743,0.0005636633932297743,0.7106857807113668,0.0004005875586759203,2019-01-03,2022-09-30,944,25,2022-10-03,2022-10-31,21
2022-09-30,cvar_bootstrap,0.8159220121422841,0.0008159220121422841,0.7977868017138294,0.0006509318125149052,2019-01-03,2022-09-30,944,25,2022-10-03,2022-10-31,21
2022-09-30,cvar_montecarlo,0.3923375369015975,0.0003923375369015975,0.7688219734366518,0.0003016377193739614,2019-01-03,2022-09-30,944,25,2022-10-03,2022-10-31,21
2022-10-31,equal,0.3588215922365097,0.0003588215922365097,0.8634006631753404,0.00030980680069863406,2019-01-03,2022-10-31,965,25,2022-11-01,2022-11-30,21
2022-10-31,inverse_volatility,0.35548764677664596,0.00035548764677664595,0.8764113918356132,0.0003115534232918871,2019-01-03,2022-10-31,965,25,2022-11-01,2022-11-30,21
2022-10-31,risk_parity,0.3312830849282947,0.00033128308492829474,0.8633009376718429,0.00028599699785341763,2019-01-03,2022-10-31,965,25,2022-11-01,2022-11-30,21
2022-10-31,markowitz_best_sharpe_default,0.1824939141033867,0.0001824939141033867,0.7690789108851019,0.000140352220701792,2019-01-03,2022-10-31,965,25,2022-11-01,2022-11-30,21
2022-10-31,cvar_bootstrap,0.60723248885968,0.0006072324888596799,0.8745458542636233,0.0005310526557064149,2019-01-03,2022-10-31,965,25,2022-11-01,2022-11-30,21
2022-10-31,cvar_montecarlo,0.3555396646803995,0.0003555396646803995,0.8339164123336478,0.00029649036161258694,2019-01-03,2022-10-31,965,25,2022-11-01,2022-11-30,21
2022-11-30,equal,0.5247563992261096,0.0005247563992261097,0.9287758267565117,0.0004873810585370001,2019-01-03,2022-11-30,986,25,2022-12-01,2022-12-30,21
2022-11-30,inverse_volatility,0.5347140632310399,0.0005347140632310399,0.938812729224168,0.0005019963690564769,2019-01-03,2022-11-30,986,25,2022-12-01,2022-12-30,21
2022-11-30,risk_parity,0.5174459984867219,0.000517445998486722,0.9283043575595986,0.00048034737519700145,2019-01-03,2022-11-30,986,25,2022-12-01,2022-12-30,21
2022-11-30,markowitz_best_sharpe_default,0.3489659920717145,0.0003489659920717145,0.8044539658433623,0.00028072707626655404,2019-01-03,2022-11-30,986,25,2022-12-01,2022-12-30,21
2022-11-30,cvar_bootstrap,0.7166730624566947,0.0007166730624566947,0.9385616454705519,0.000672641848763775,2019-01-03,2022-11-30,986,25,2022-12-01,2022-12-30,21
2022-11-30,cvar_montecarlo,0.5712689268531705,0.0005712689268531706,0.8936710336860255,0.0005105264923735795,2019-01-03,2022-11-30,986,25,2022-12-01,2022-12-30,21
2022-12-30,equal,0.5089401456106724,0.0005089401456106723,0.8754289075559107,0.000445540915683297,2019-01-03,2022-12-30,1007,25,2023-01-03,2023-01-31,20
2022-12-30,inverse_volatility,0.5293379634517084,0.0005293379634517083,0.8904165100761143,0.0004713312620674679,2019-01-03,2022-12-30,1007,25,2023-01-03,2023-01-31,20
2022-12-30,risk_parity,0.4926358833450637,0.0004926358833450637,0.8829625002846613,0.00043497901128830015,2019-01-03,2022-12-30,1007,25,2023-01-03,2023-01-31,20
2022-12-30,markowitz_best_sharpe_default,0.5328588352613899,0.0005328588352613899,0.7576856749398369,0.00040373950624268153,2019-01-03,2022-12-30,1007,25,2023-01-03,2023-01-31,20
2022-12-30,cvar_bootstrap,0.7064062647883659,0.0007064062647883658,0.922521176268682,0.0006516747383161294,2019-01-03,2022-12-30,1007,25,2023-01-03,2023-01-31,20
2022-12-30,cvar_montecarlo,0.7772880995340768,0.0007772880995340768,0.8631687178162667,0.0006709307722486718,2019-01-03,2022-12-30,1007,25,2023-01-03,2023-01-31,20
2023-01-31,equal,0.5188964020446563,0.0005188964020446563,0.9050096940206438,0.00046960627404284735,2019-01-03,2023-01-31,1027,25,2023-02-01,2023-02-28,19
2023-01-31,inverse_volatility,0.4997782574686001,0.0004997782574686001,0.915350650515028,0.0004574723530871503,2019-01-03,2023-01-31,1027,25,2023-02-01,2023-02-28,19
2023-01-31,risk_parity,0.4591655878372958,0.0004591655878372958,0.9087459934099451,0.00041726488825886477,2019-01-03,2023-01-31,1027,25,2023-02-01,2023-02-28,19
2023-01-31,markowitz_best_sharpe_default,0.8948996845115107,0.0008948996845115107,0.7563576927525452,0.0006768642606221068,2019-01-03,2023-01-31,1027,25,2023-02-01,2023-02-28,19
2023-01-31,cvar_bootstrap,0.5020847933509638,0.0005020847933509638,0.9488937834440302,0.0004764251391725101,2019-01-03,2023-01-31,1027,25,2023-02-01,2023-02-28,19
2023-01-31,cvar_montecarlo,0.45399180488629604,0.00045399180488629607,0.8846744618450448,0.0004016349556698446,2019-01-03,2023-01-31,1027,25,2023-02-01,2023-02-28,19
2023-02-28,equal,0.5403313249260587,0.0005403313249260587,0.8763528784321503,0.00047352091190600904,2019-01-03,2023-02-28,1046,25,2023-03-01,2023-03-31,23
2023-02-28,inverse_volatility,0.5826106984206159,0.0005826106984206158,0.8879324833862912,0.000517318964296039,2019-01-03,2023-02-28,1046,25,2023-03-01,2023-03-31,23
2023-02-28,risk_parity,0.5695845058167007,0.0005695845058167007,0.8734569588610308,0.0004975075502650186,2019-01-03,2023-02-28,1046,25,2023-03-01,2023-03-31,23
2023-02-28,markowitz_best_sharpe_default,0.6080640208007382,0.0006080640208007382,0.7455981570240935,0.00045337141326169043,2019-01-03,2023-02-28,1046,25,2023-03-01,2023-03-31,23
2023-02-28,cvar_bootstrap,0.6566084669920141,0.0006566084669920141,0.9000860179714764,0.0005910041004211975,2019-01-03,2023-02-28,1046,25,2023-03-01,2023-03-31,23
2023-02-28,cvar_montecarlo,0.8546408314755439,0.000854640831475544,0.8463573022963182,0.0007233315085599237,2019-01-03,2023-02-28,1046,25,2023-03-01,2023-03-31,23
2023-03-31,equal,0.7517738687051421,0.0007517738687051421,0.92584728539989,0.0006960277955752292,2020-03-20,2023-03-31,764,25,2023-04-03,2023-04-28,19
2023-03-31,inverse_volatility,0.726190745672905,0.000726190745672905,0.9363656996126645,0.0006799801056242521,2020-03-20,2023-03-31,764,25,2023-04-03,2023-04-28,19
2023-03-31,risk_parity,0.7230859859082719,0.000723085985908272,0.924135850152725,0.0006682296823208622,2020-03-20,2023-03-31,764,25,2023-04-03,2023-04-28,19
2023-03-31,markowitz_best_sharpe_default,1.1661189648049288,0.001166118964804929,0.7870042168845692,0.0009177405426905477,2020-03-20,2023-03-31,764,25,2023-04-03,2023-04-28,19
2023-03-31,cvar_bootstrap,0.712960725873282,0.000712960725873282,0.957136366786966,0.0006824006388241511,2020-03-20,2023-03-31,764,25,2023-04-03,2023-04-28,19
2023-03-31,cvar_montecarlo,0.7765579108608386,0.0007765579108608386,0.8966033045032852,0.0006962643890159955,2020-03-20,2023-03-31,764,25,2023-04-03,2023-04-28,19
2023-04-28,equal,0.3691516857359521,0.0003691516857359521,0.9316270817959791,0.0003439117077222514,2019-01-03,2023-04-28,1088,25,2023-05-01,2023-05-31,22
2023-04-28,inverse_volatility,0.33953163463876346,0.0003395316346387635,0.9539893954243343,0.0003239095788564699,2019-01-03,2023-04-28,1088,25,2023-05-01,2023-05-31,22
2023-04-28,risk_parity,0.3647157882830001,0.0003647157882830001,0.9412164584807028,0.0003432765025997232,2019-01-03,2023-04-28,1088,25,2023-05-01,2023-05-31,22
2023-04-28,markowitz_best_sharpe_default,0.7948534545027706,0.0007948534545027706,0.8011660583763576,0.0006368096091308162,2019-01-03,2023-04-28,1088,25,2023-05-01,2023-05-31,22
2023-04-28,cvar_bootstrap,0.6070195195119344,0.0006070195195119344,0.9947078440026823,0.0006038070775212604,2019-01-03,2023-04-28,1088,25,2023-05-01,2023-05-31,22
2023-04-28,cvar_montecarlo,0.5961015307275146,0.0005961015307275146,0.9283324392700123,0.0005533803880728618,2019-01-03,2023-04-28,1088,25,2023-05-01,2023-05-31,22
2023-05-31,equal,0.6060259542672903,0.0006060259542672903,0.913115126655099,0.000553371465987054,2019-01-03,2023-05-31,1110,25,2023-06-01,2023-06-30,21
2023-05-31,inverse_volatility,0.5885967961484695,0.0005885967961484695,0.9264746712000154,0.0005453200231810357,2019-01-03,2023-05-31,1110,25,2023-06-01,2023-06-30,21
2023-05-31,risk_parity,0.5347317850279939,0.0005347317850279939,0.9137108465062518,0.0004885902319517274,2019-01-03,2023-05-31,1110,25,2023-06-01,2023-06-30,21
2023-05-31,markowitz_best_sharpe_default,0.6607502784928497,0.0006607502784928498,0.8131666161271022,0.000537300068067071,2019-01-03,2023-05-31,1110,25,2023-06-01,2023-06-30,21
2023-05-31,cvar_bootstrap,0.612817518973652,0.000612817518973652,0.9576733790474958,0.0005868790241350002,2019-01-03,2023-05-31,1110,25,2023-06-01,2023-06-30,21
2023-05-31,cvar_montecarlo,0.5289782502561843,0.0005289782502561843,0.8835183832168927,0.0004673620084232448,2019-01-03,2023-05-31,1110,25,2023-06-01,2023-06-30,21
2023-06-30,equal,0.5969537399223288,0.0005969537399223288,0.9592890868079756,0.0005726512080366966,2019-01-03,2023-06-30,1131,25,2023-07-03,2023-07-31,20
2023-06-30,inverse_volatility,0.6406843942328172,0.0006406843942328172,0.9705718009453582,0.0006218302063481313,2019-01-03,2023-06-30,1131,25,2023-07-03,2023-07-31,20
2023-06-30,risk_parity,0.5823441099583784,0.0005823441099583784,0.9534266527565288,0.0005552223955100966,2019-01-03,2023-06-30,1131,25,2023-07-03,2023-07-31,20
2023-06-30,markowitz_best_sharpe_default,0.43626912197104695,0.00043626912197104696,0.8435025682958878,0.00036799412485077004,2019-01-03,2023-06-30,1131,25,2023-07-03,2023-07-31,20
2023-06-30,cvar_bootstrap,0.7881945371275614,0.0007881945371275614,0.9982052362771412,0.0007867799141657694,2019-01-03,2023-06-30,1131,25,2023-07-03,2023-07-31,20
2023-06-30,cvar_montecarlo,0.7939260801102644,0.0007939260801102645,0.9153312932663816,0.0007267053856652373,2019-01-03,2023-06-30,1131,25,2023-07-03,2023-07-31,20
2023-07-31,equal,0.5218216679471905,0.0005218216679471905,0.9951470526298262,0.0005192892948560265,2020-03-20,2023-07-31,846,25,2023-08-01,2023-08-31,23
2023-07-31,inverse_volatility,0.48904320570984183,0.0004890432057098418,0.9986552318767589,0.0004883855559959156,2020-03-20,2023-07-31,846,25,2023-08-01,2023-08-31,23
2023-07-31,risk_parity,0.5008603622290969,0.0005008603622290969,0.9869319744149958,0.0004943151062009725,2020-03-20,2023-07-31,846,25,2023-08-01,2023-08-31,23
2023-07-31,markowitz_best_sharpe_default,1.021467472107462,0.001021467472107462,0.8796903188622731,0.0008985750462456532,2020-03-20,2023-07-31,846,25,2023-08-01,2023-08-31,23
2023-07-31,cvar_bootstrap,0.6516676057417685,0.0006516676057417686,1.0282907679473228,0.0006701037827545964,2020-03-20,2023-07-31,846,25,2023-08-01,2023-08-31,23
2023-07-31,cvar_montecarlo,0.6781241676668442,0.0006781241676668443,0.9526784868125516,0.0006460343059238703,2020-03-20,2023-07-31,846,25,2023-08-01,2023-08-31,23
2023-08-31,equal,0.521073939257744,0.000521073939257744,0.9834034236003224,0.0005124258958149718,2020-03-20,2023-08-31,869,25,2023-09-01,2023-09-29,20
2023-08-31,inverse_volatility,0.5280387718532278,0.0005280387718532278,0.9893222224084767,0.0005224004912876779,2020-03-20,2023-08-31,869,25,2023-09-01,2023-09-29,20
2023-08-31,risk_parity,0.46963600698648406,0.0004696360069864841,0.9744741859341556,0.0004576481655935215,2020-03-20,2023-08-31,869,25,2023-09-01,2023-09-29,20
2023-08-31,markowitz_best_sharpe_default,0.45401168335343134,0.00045401168335343134,0.8725716831698743,0.0003961577387224916,2020-03-20,2023-08-31,869,25,2023-09-01,2023-09-29,20
2023-08-31,cvar_bootstrap,0.5423399048197931,0.0005423399048197931,1.0267503931956616,0.0005568477105194203,2020-03-20,2023-08-31,869,25,2023-09-01,2023-09-29,20
2023-08-31,cvar_montecarlo,0.5751184028655767,0.0005751184028655767,0.9386498769993153,0.0005398348181098163,2020-03-20,2023-08-31,869,25,2023-09-01,2023-09-29,20
2023-09-29,equal,0.5076953003537127,0.0005076953003537127,0.9411976282665437,0.00047784161257498494,2020-03-20,2023-09-29,889,25,2023-10-02,2023-10-31,22
2023-09-29,inverse_volatility,0.4557956263048822,0.0004557956263048822,0.9541884663063976,0.0004349149296130195,2020-03-20,2023-09-29,889,25,2023-10-02,2023-10-31,22
2023-09-29,risk_parity,0.39682111981668855,0.0003968211198166886,0.9359259303261396,0.00037139517573749476,2020-03-20,2023-09-29,889,25,2023-10-02,2023-10-31,22
2023-09-29,markowitz_best_sharpe_default,0.6682188485062532,0.0006682188485062533,0.8272550648444279,0.0005527874268513095,2020-03-20,2023-09-29,889,25,2023-10-02,2023-10-31,22
2023-09-29,cvar_bootstrap,0.32303438123903616,0.00032303438123903615,0.9881683744676345,0.00031921235940613645,2020-03-20,2023-09-29,889,25,2023-10-02,2023-10-31,22
2023-09-29,cvar_montecarlo,0.38532976282937714,0.00038532976282937715,0.9009891796192158,0.0003471779468945075,2020-03-20,2023-09-29,889,25,2023-10-02,2023-10-31,22
2023-10-31,equal,0.36688333968565084,0.00036688333968565084,0.9230174819406406,0.00033863973636262214,2019-01-03,2023-10-31,1216,25,2023-11-01,2023-11-30,21
2023-10-31,inverse_volatility,0.3756754310001254,0.0003756754310001254,0.9477857933412969,0.0003560598364092875,2019-01-03,2023-10-31,1216,25,2023-11-01,2023-11-30,21
2023-10-31,risk_parity,0.3432447857082408,0.0003432447857082408,0.9259568449749114,0.0003178298588284922,2019-01-03,2023-10-31,1216,25,2023-11-01,2023-11-30,21
2023-10-31,markowitz_best_sharpe_default,1.0947661853509099,0.0010947661853509098,0.8050951260752184,0.0008813909200179766,2019-01-03,2023-10-31,1216,25,2023-11-01,2023-11-30,21
2023-10-31,cvar_bootstrap,0.6776909932682039,0.0006776909932682039,0.9937162571724228,0.0006734325573499412,2019-01-03,2023-10-31,1216,25,2023-11-01,2023-11-30,21
2023-10-31,cvar_montecarlo,0.40726140828288565,0.00040726140828288565,0.9005148614859743,0.00036674495066844556,2019-01-03,2023-10-31,1216,25,2023-11-01,2023-11-30,21
2023-11-30,equal,0.4381681112765181,0.0004381681112765181,0.9890785486943142,0.00043338267958550734,2019-01-03,2023-11-30,1237,25,2023-12-01,2023-12-29,20
2023-11-30,inverse_volatility,0.4978337980163122,0.0004978337980163123,1.0129993620235762,0.0005043053197842982,2019-01-03,2023-11-30,1237,25,2023-12-01,2023-12-29,20
2023-11-30,risk_parity,0.4604510646506652,0.0004604510646506652,0.9870075655877698,0.00045446868439314987,2019-01-03,2023-11-30,1237,25,2023-12-01,2023-12-29,20
2023-11-30,markowitz_best_sharpe_default,0.5011350800114739,0.0005011350800114739,0.8736354447427503,0.0004378093685020178,2019-01-03,2023-11-30,1237,25,2023-12-01,2023-12-29,20
2023-11-30,cvar_bootstrap,0.870549572657538,0.000870549572657538,1.0486734526317738,0.0009129222260458956,2019-01-03,2023-11-30,1237,25,2023-12-01,2023-12-29,20
2023-11-30,cvar_montecarlo,0.7443175893611658,0.0007443175893611658,0.9545690015666487,0.0007105024981249828,2019-01-03,2023-11-30,1237,25,2023-12-01,2023-12-29,20
2023-12-29,equal,0.4324324429209403,0.00043243244292094033,1.0294182203562379,0.0004451538358159748,2019-01-03,2023-12-29,1257,25,2024-01-02,2024-01-31,21
2023-12-29,inverse_volatility,0.42790839111952206,0.0004279083911195221,1.046008870125544,0.0004475959727121707,2019-01-03,2023-12-29,1257,25,2024-01-02,2024-01-31,21
2023-12-29,risk_parity,0.3922946153740014,0.0003922946153740014,1.0267813088384825,0.00040280077862400623,2019-01-03,2023-12-29,1257,25,2024-01-02,2024-01-31,21
2023-12-29,markowitz_best_sharpe_default,0.550599157993935,0.000550599157993935,0.9059568393257843,0.0004988190729116235,2019-01-03,2023-12-29,1257,25,2024-01-02,2024-01-31,21
2023-12-29,cvar_bootstrap,0.48793369214566873,0.00048793369214566876,1.092727335398778,0.0005331784832696243,2019-01-03,2023-12-29,1257,25,2024-01-02,2024-01-31,21
2023-12-29,cvar_montecarlo,0.39442467025173933,0.00039442467025173935,1.0023850525350502,0.0003953653938114096,2019-01-03,2023-12-29,1257,25,2024-01-02,2024-01-31,21
2024-01-31,equal,0.4641631815629744,0.0004641631815629744,1.0846950902647536,0.0005034755241230258,2019-01-03,2024-01-31,1278,25,2024-02-01,2024-02-29,20
2024-01-31,inverse_volatility,0.45801869658617267,0.0004580186965861727,1.087850270469473,0.0004982557629613435,2019-01-03,2024-01-31,1278,25,2024-02-01,2024-02-29,20
2024-01-31,risk_parity,0.3922185125771253,0.00039221851257712533,1.065595683530925,0.0004179463540031046,2019-01-03,2024-01-31,1278,25,2024-02-01,2024-02-29,20
2024-01-31,markowitz_best_sharpe_default,0.57522154579847,0.00057522154579847,1.0317976123139285,0.0005935122175063885,2019-01-03,2024-01-31,1278,25,2024-02-01,2024-02-29,20
2024-01-31,cvar_bootstrap,0.5069901177108346,0.0005069901177108346,1.1211176908629685,0.0005683955900583154,2019-01-03,2024-01-31,1278,25,2024-02-01,2024-02-29,20
2024-01-31,cvar_montecarlo,0.3518172784132686,0.0003518172784132686,1.0166226648103378,0.0003576654191068177,2019-01-03,2024-01-31,1278,25,2024-02-01,2024-02-29,20
2024-02-29,equal,0.6263738738115998,0.0006263738738115998,1.168733201640009,0.0007320639429634861,2019-01-03,2024-02-29,1298,25,2024-03-01,2024-03-28,20
2024-02-29,inverse_volatility,0.5754841228327392,0.0005754841228327392,1.1614347539243677,0.0006683872605896231,2019-01-03,2024-02-29,1298,25,2024-03-01,2024-03-28,20
2024-02-29,risk_parity,0.5189894844249792,0.0005189894844249792,1.133174135897034,0.000588105460552923,2019-01-03,2024-02-29,1298,25,2024-03-01,2024-03-28,20
2024-02-29,markowitz_best_sharpe_default,0.7132510472898562,0.0007132510472898562,1.178776905831362,0.0008407638626053151,2019-01-03,2024-02-29,1298,25,2024-03-01,2024-03-28,20
2024-02-29,cvar_bootstrap,0.5292751111272442,0.0005292751111272443,1.1616899843004602,0.0006148535955360328,2019-01-03,2024-02-29,1298,25,2024-03-01,2024-03-28,20
2024-02-29,cvar_montecarlo,0.4265184480738842,0.00042651844807388423,1.056950632770735,0.00045080894358008383,2019-01-03,2024-02-29,1298,25,2024-03-01,2024-03-28,20
2024-03-28,equal,0.43215638688181623,0.00043215638688181624,1.2308420272629261,0.0005319162433242361,2021-02-11,2024-03-28,787,25,2024-04-01,2024-04-30,22
2024-03-28,inverse_volatility,0.5402925082942895,0.0005402925082942895,1.2132515983959808,0.0006555107492894205,2021-02-11,2024-03-28,787,25,2024-04-01,2024-04-30,22
2024-03-28,risk_parity,0.5441034740210323,0.0005441034740210324,1.1957158043287783,0.0006505931230771412,2021-02-11,2024-03-28,787,25,2024-04-01,2024-04-30,22
2024-03-28,markowitz_best_sharpe_default,0.8258402601641226,0.0008258402601641227,1.2615001240585,0.0010417975906495446,2021-02-11,2024-03-28,787,25,2024-04-01,2024-04-30,22
2024-03-28,cvar_bootstrap,0.6788299564083998,0.0006788299564083999,1.2340496041688438,0.0008377098390037394,2021-02-11,2024-03-28,787,25,2024-04-01,2024-04-30,22
2024-03-28,cvar_montecarlo,0.8922756500635682,0.0008922756500635683,1.1179917109901163,0.000997556780689387,2021-02-11,2024-03-28,787,25,2024-04-01,2024-04-30,22
2024-04-30,equal,0.5798752369827702,0.0005798752369827702,1.2011778718918333,0.0006965333031217364,2021-02-11,2024-04-30,809,25,2024-05-01,2024-05-31,22
2024-04-30,inverse_volatility,0.6613884862058903,0.0006613884862058903,1.1881926670650838,0.0007858569493911151,2021-02-11,2024-04-30,809,25,2024-05-01,2024-05-31,22
2024-04-30,risk_parity,0.5846436375106432,0.0005846436375106432,1.1811926832448818,0.0006905767869332446,2021-02-11,2024-04-30,809,25,2024-05-01,2024-05-31,22
2024-04-30,markowitz_best_sharpe_default,0.4094736458104162,0.0004094736458104162,1.220863793725175,0.0004999115486545833,2021-02-11,2024-04-30,809,25,2024-05-01,2024-05-31,22
2024-04-30,cvar_bootstrap,0.7347692298278266,0.0007347692298278266,1.2485151088912247,0.0009173704849884103,2021-02-11,2024-04-30,809,25,2024-05-01,2024-05-31,22
2024-04-30,cvar_montecarlo,0.7407848011117129,0.0007407848011117129,1.1239933914655849,0.0008326372209477129,2021-02-11,2024-04-30,809,25,2024-05-01,2024-05-31,22
2024-05-31,equal,0.5170595356405634,0.0005170595356405634,1.2611903808918927,0.0006521105126983073,2021-02-11,2024-05-31,831,25,2024-06-03,2024-06-28,19
2024-05-31,inverse_volatility,0.5499947232168675,0.0005499947232168675,1.244234680707818,0.0006843225088327239,2021-02-11,2024-05-31,831,25,2024-06-03,2024-06-28,19
2024-05-31,risk_parity,0.49677274723305903,0.000496772747233059,1.2361099041539438,0.0006140657129685479,2021-02-11,2024-05-31,831,25,2024-06-03,2024-06-28,19
2024-05-31,markowitz_best_sharpe_default,0.31188688658537944,0.00031188688658537943,1.2394076827175127,0.0003865550033727648,2021-02-11,2024-05-31,831,25,2024-06-03,2024-06-28,19
2024-05-31,cvar_bootstrap,0.7222320786212546,0.0007222320786212546,1.3016644995945708,0.0009401038572096821,2021-02-11,2024-05-31,831,25,2024-06-03,2024-06-28,19
2024-05-31,cvar_montecarlo,0.629291929729438,0.000629291929729438,1.1632690359705216,0.0007320358164403925,2021-02-11,2024-05-31,831,25,2024-06-03,2024-06-28,19
2024-06-28,equal,0.6847965954861128,0.0006847965954861129,1.2563124949835498,0.0008603185194313992,2021-02-11,2024-06-28,850,25,2024-07-01,2024-07-31,22
2024-06-28,inverse_volatility,0.7168324213661246,0.0007168324213661245,1.2448706934905787,0.0008923636735025781,2021-02-11,2024-06-28,850,25,2024-07-01,2024-07-31,22
2024-06-28,risk_parity,0.6524602131094855,0.0006524602131094856,1.228972412874601,0.0008018556024098408,2021-02-11,2024-06-28,850,25,2024-07-01,2024-07-31,22
2024-06-28,markowitz_best_sharpe_default,0.4732037959935601,0.00047320379599356013,1.245364524071245,0.0005893112201862265,2021-02-11,2024-06-28,850,25,2024-07-01,2024-07-31,22
2024-06-28,cvar_bootstrap,0.7485895477064007,0.0007485895477064008,1.2961389560812338,0.0009702760748974972,2021-02-11,2024-06-28,850,25,2024-07-01,2024-07-31,22
2024-06-28,cvar_montecarlo,0.6943568318129824,0.0006943568318129823,1.1596273016548337,0.000805195139260888,2021-02-11,2024-06-28,850,25,2024-07-01,2024-07-31,22
2024-07-31,equal,0.4680216781081201,0.0004680216781081201,1.287303501020566,0.0006024859447821034,2019-01-03,2024-07-31,1403,25,2024-08-01,2024-08-30,22
2024-07-31,inverse_volatility,0.5257348296313398,0.0005257348296313398,1.2860633137491415,0.0006761282771490212,2019-01-03,2024-07-31,1403,25,2024-08-01,2024-08-30,22
2024-07-31,risk_parity,0.5130735293137988,0.0005130735293137988,1.262170115910565,0.0006475860759646401,2019-01-03,2024-07-31,1403,25,2024-08-01,2024-08-30,22
2024-07-31,markowitz_best_sharpe_default,0.9470070504181058,0.0009470070504181058,1.2371689813255136,0.0011716077478738471,2019-01-03,2024-07-31,1403,25,2024-08-01,2024-08-30,22
2024-07-31,cvar_bootstrap,0.6256947381641361,0.0006256947381641361,1.3045814441546,0.000816269745114103,2019-01-03,2024-07-31,1403,25,2024-08-01,2024-08-30,22
2024-07-31,cvar_montecarlo,0.812664534903158,0.0008126645349031581,1.1654697801569154,0.0009471359568349055,2019-01-03,2024-07-31,1403,25,2024-08-01,2024-08-30,22
2024-08-30,equal,0.6827406494053309,0.0006827406494053309,1.3164989490114323,0.0008988273473895009,2019-01-03,2024-08-30,1425,25,2024-09-03,2024-09-30,20
2024-08-30,inverse_volatility,0.6810036491207996,0.0006810036491207996,1.3416152442054736,0.0009136448770200201,2019-01-03,2024-08-30,1425,25,2024-09-03,2024-09-30,20
2024-08-30,risk_parity,0.6017530941840725,0.0006017530941840726,1.3088605002911786,0.0007876108559055299,2019-01-03,2024-08-30,1425,25,2024-09-03,2024-09-30,20
2024-08-30,markowitz_best_sharpe_default,0.6257738063771385,0.0006257738063771385,1.2130543653601,0.0007590976475537938,2019-01-03,2024-08-30,1425,25,2024-09-03,2024-09-30,20
2024-08-30,cvar_bootstrap,0.5014179565579405,0.0005014179565579405,1.400926780224442,0.0007024498434274347,2019-01-03,2024-08-30,1425,25,2024-09-03,2024-09-30,20
2024-08-30,cvar_montecarlo,0.5388520229388538,0.0005388520229388539,1.2548100219375533,0.0006761569187249982,2019-01-03,2024-08-30,1425,25,2024-09-03,2024-09-30,20
2024-09-30,equal,0.5326387645955005,0.0005326387645955005,1.3636891014569763,0.000726353678292392,2020-03-20,2024-09-30,1140,25,2024-10-01,2024-10-31,23
2024-09-30,inverse_volatility,0.4906068510913024,0.0004906068510913025,1.3836718353515012,0.0006788388820855231,2020-03-20,2024-09-30,1140,25,2024-10-01,2024-10-31,23
2024-09-30,risk_parity,0.46638393741651624,0.0004663839374165162,1.3446713663296583,0.0006271331263600728,2020-03-20,2024-09-30,1140,25,2024-10-01,2024-10-31,23
2024-09-30,markowitz_best_sharpe_default,0.8964316766164767,0.0008964316766164768,1.2169090565928928,0.001090875825891342,2020-03-20,2024-09-30,1140,25,2024-10-01,2024-10-31,23
2024-09-30,cvar_bootstrap,0.7645880146541203,0.0007645880146541203,1.3883655213483477,0.0010615276375819658,2020-03-20,2024-09-30,1140,25,2024-10-01,2024-10-31,23
2024-09-30,cvar_montecarlo,0.44820858996962337,0.00044820858996962335,1.2550890582383145,0.0005625416970792974,2020-03-20,2024-09-30,1140,25,2024-10-01,2024-10-31,23
2024-10-31,equal,0.5878234871848822,0.0005878234871848822,1.3158920943219319,0.0007735122796433359,2019-01-03,2024-10-31,1468,25,2024-11-01,2024-11-29,20
2024-10-31,inverse_volatility,0.5870610786127609,0.0005870610786127609,1.346203892299668,0.00079030390904614,2019-01-03,2024-10-31,1468,25,2024-11-01,2024-11-29,20
2024-10-31,risk_parity,0.6014567313935468,0.0006014567313935469,1.2983188452485162,0.0007808826089698167,2019-01-03,2024-10-31,1468,25,2024-11-01,2024-11-29,20
2024-10-31,markowitz_best_sharpe_default,0.9153945708266764,0.0009153945708266764,1.176490437127003,0.001076952958775562,2019-01-03,2024-10-31,1468,25,2024-11-01,2024-11-29,20
2024-10-31,cvar_bootstrap,0.973645159511946,0.000973645159511946,1.324595722685064,0.0012896862137025404,2019-01-03,2024-10-31,1468,25,2024-11-01,2024-11-29,20
2024-10-31,cvar_montecarlo,0.7512681402356506,0.0007512681402356506,1.2064460029412831,0.000906364444924432,2019-01-03,2024-10-31,1468,25,2024-11-01,2024-11-29,20
2024-11-29,equal,0.4570488017310194,0.0004570488017310194,1.4444641843371016,0.0006601906245946466,2019-01-03,2024-11-29,1488,25,2024-12-02,2024-12-31,21
2024-11-29,inverse_volatility,0.5104103252742953,0.0005104103252742953,1.4786976764031332,0.0007547425619952679,2019-01-03,2024-11-29,1488,25,2024-12-02,2024-12-31,21
2024-11-29,risk_parity,0.46741788049870325,0.0004674178804987033,1.4177491539997797,0.0006626813046414068,2019-01-03,2024-11-29,1488,25,2024-12-02,2024-12-31,21
2024-11-29,markowitz_best_sharpe_default,0.6041633375941221,0.0006041633375941222,1.2999490674215233,0.0007853815672757541,2019-01-03,2024-11-29,1488,25,2024-12-02,2024-12-31,21
2024-11-29,cvar_bootstrap,0.6855464808710613,0.0006855464808710613,1.4228163682676018,0.0009754067541915983,2019-01-03,2024-11-29,1488,25,2024-12-02,2024-12-31,21
2024-11-29,cvar_montecarlo,0.5973791980731042,0.0005973791980731042,1.3022996421456272,0.0007779667158758454,2019-01-03,2024-11-29,1488,25,2024-12-02,2024-12-31,21
2024-12-31,equal,0.4277429068904044,0.0004277429068904044,1.3325847836662708,0.0005700036890433313,2021-02-11,2024-12-31,978,25,2025-01-02,2025-01-31,20
2024-12-31,inverse_volatility,0.46217434829827164,0.00046217434829827166,1.366940994799681,0.0006317650634337337,2021-02-11,2024-12-31,978,25,2025-01-02,2025-01-31,20
2024-12-31,risk_parity,0.46300771311428923,0.0004630077131142892,1.3149192627040367,0.0006088177607545233,2021-02-11,2024-12-31,978,25,2025-01-02,2025-01-31,20
2024-12-31,markowitz_best_sharpe_default,0.8299031921128152,0.0008299031921128151,1.19801764078867,0.0009942386642979811,2021-02-11,2024-12-31,978,25,2025-01-02,2025-01-31,20
2024-12-31,cvar_bootstrap,0.6725621349899471,0.0006725621349899471,1.3359381328437498,0.0008985014028398759,2021-02-11,2024-12-31,978,25,2025-01-02,2025-01-31,20
2024-12-31,cvar_montecarlo,0.5296935179715634,0.0005296935179715635,1.2172480774749392,0.0006447684164018228,2021-02-11,2024-12-31,978,25,2025-01-02,2025-01-31,20
2025-01-31,equal,0.6048021597983329,0.0006048021597983329,1.3933597947648888,0.0008427070132499666,2022-01-20,2025-01-31,761,25,2025-02-03,2025-02-28,19
2025-01-31,inverse_volatility,0.5751530399065155,0.0005751530399065155,1.4335240795390103,0.0008244957321260513,2022-01-20,2025-01-31,761,25,2025-02-03,2025-02-28,19
2025-01-31,risk_parity,0.5227392976904381,0.0005227392976904382,1.377647329823782,0.0007201503976571913,2022-01-20,2025-01-31,761,25,2025-02-03,2025-02-28,19
2025-01-31,markowitz_best_sharpe_default,0.9026794127575207,0.0009026794127575207,1.2532586024789925,0.0011312907393190481,2022-01-20,2025-01-31,761,25,2025-02-03,2025-02-28,19
2025-01-31,cvar_bootstrap,0.706576924413796,0.000706576924413796,1.3846866066914345,0.0009783876038330095,2022-01-20,2025-01-31,761,25,2025-02-03,2025-02-28,19
2025-01-31,cvar_montecarlo,0.6386777698723513,0.0006386777698723512,1.2822659549944713,0.0008189547605191096,2022-01-20,2025-01-31,761,25,2025-02-03,2025-02-28,19
2025-02-28,equal,0.5341021495467403,0.0005341021495467403,1.3969522461778732,0.0007461151974977492,2022-01-20,2025-02-28,780,25,2025-03-03,2025-03-31,21
2025-02-28,inverse_volatility,0.5283472267799061,0.0005283472267799061,1.4712515756506594,0.0007773316898905931,2022-01-20,2025-02-28,780,25,2025-03-03,2025-03-31,21
2025-02-28,risk_parity,0.4719979452342947,0.00047199794523429474,1.4140044476549392,0.0006674071938452852,2022-01-20,2025-02-28,780,25,2025-03-03,2025-03-31,21
2025-02-28,markowitz_best_sharpe_default,0.32635789307519836,0.00032635789307519837,1.2936890839497635,0.0004222056437322282,2022-01-20,2025-02-28,780,25,2025-03-03,2025-03-31,21
2025-02-28,cvar_bootstrap,0.7745787510276065,0.0007745787510276066,1.4626998488607534,0.0011329762220588313,2022-01-20,2025-02-28,780,25,2025-03-03,2025-03-31,21
2025-02-28,cvar_montecarlo,0.4751210971547346,0.0004751210971547346,1.3635300250174418,0.0006478418814897097,2022-01-20,2025-02-28,780,25,2025-03-03,2025-03-31,21
2025-03-31,equal,0.5215250183743667,0.0005215250183743667,1.3317718198072697,0.0006945523227954501,2022-01-20,2025-03-31,801,25,2025-04-01,2025-04-30,21
2025-03-31,inverse_volatility,0.5011232257220084,0.0005011232257220084,1.4237923054221349,0.0007134953928513151,2022-01-20,2025-03-31,801,25,2025-04-01,2025-04-30,21
2025-03-31,risk_parity,0.4539024342827419,0.00045390243428274193,1.376838221667241,0.0006249502204282822,2022-01-20,2025-03-31,801,25,2025-04-01,2025-04-30,21
2025-03-31,markowitz_best_sharpe_default,0.31258497297590554,0.00031258497297590555,1.2493675948291014,0.00039053353586662677,2022-01-20,2025-03-31,801,25,2025-04-01,2025-04-30,21
2025-03-31,cvar_bootstrap,0.3744284306114364,0.0003744284306114364,1.4606503394432535,0.0005469090142697993,2022-01-20,2025-03-31,801,25,2025-04-01,2025-04-30,21
2025-03-31,cvar_montecarlo,0.4734763044321682,0.00047347630443216824,1.3526071793212369,0.0006404274486134383,2022-01-20,2025-03-31,801,25,2025-04-01,2025-04-30,21
2025-04-30,equal,0.29021936314429503,0.00029021936314429505,1.3632335429474136,0.00039563677065113936,2022-01-20,2025-04-30,822,25,2025-05-01,2025-05-30,21
2025-04-30,inverse_volatility,0.3105870984216415,0.0003105870984216415,1.4546546746891174,0.0004517969746171698,2022-01-20,2025-04-30,822,25,2025-05-01,2025-05-30,21
2025-04-30,risk_parity,0.27500563250735316,0.0002750056325073532,1.4064364299379424,0.00038677793999646753,2022-01-20,2025-04-30,822,25,2025-05-01,2025-05-30,21
2025-04-30,markowitz_best_sharpe_default,0.23097948308051364,0.00023097948308051363,1.302601509725057,0.0003008742233761903,2022-01-20,2025-04-30,822,25,2025-05-01,2025-05-30,21
2025-04-30,cvar_bootstrap,0.3465506682735858,0.0003465506682735858,1.4865896473117797,0.0005151786357244915,2022-01-20,2025-04-30,822,25,2025-05-01,2025-05-30,21
2025-04-30,cvar_montecarlo,0.2830288922632325,0.00028302889226323254,1.3820895961113797,0.0003911712873959423,2022-01-20,2025-04-30,822,25,2025-05-01,2025-05-30,21
2025-05-30,equal,0.30658951410376956,0.00030658951410376955,1.4139104541634555,0.00043349011912821394,2022-01-20,2025-05-30,843,25,2025-06-02,2025-06-30,20
2025-05-30,inverse_volatility,0.2798550867577023,0.00027985508675770234,1.4997986175685643,0.0004197262722387326,2022-01-20,2025-05-30,843,25,2025-06-02,2025-06-30,20
2025-05-30,risk_parity,0.2555373710654024,0.00025553737106540243,1.4436120565399346,0.000368896829766534,2022-01-20,2025-05-30,843,25,2025-06-02,2025-06-30,20
2025-05-30,markowitz_best_sharpe_default,0.3002627221811203,0.00030026272218112033,1.345234536805641,0.0004039237839933203,2022-01-20,2025-05-30,843,25,2025-06-02,2025-06-30,20
2025-05-30,cvar_bootstrap,0.42313924927412394,0.00042313924927412397,1.4938881660624344,0.0006321227170871563,2022-01-20,2025-05-30,843,25,2025-06-02,2025-06-30,20
2025-05-30,cvar_montecarlo,0.4293146942056342,0.0004293146942056342,1.3897849158066726,0.0005966550861411448,2022-01-20,2025-05-30,843,25,2025-06-02,2025-06-30,20
2025-06-30,equal,0.439722978799861,0.000439722978799861,1.461424468811678,0.0006426219207168756,2022-01-20,2025-06-30,863,25,2025-07-01,2025-07-31,22
2025-06-30,inverse_volatility,0.4367672353479153,0.00043676723534791527,1.532812330698128,0.0006694822039862158,2022-01-20,2025-06-30,863,25,2025-07-01,2025-07-31,22
2025-06-30,risk_parity,0.4191486184981735,0.00041914861849817346,1.4795574490404781,0.0006201544607539981,2022-01-20,2025-06-30,863,25,2025-07-01,2025-07-31,22
2025-06-30,markowitz_best_sharpe_default,0.5632930777793703,0.0005632930777793704,1.4033817463739378,0.0007905152232143631,2022-01-20,2025-06-30,863,25,2025-07-01,2025-07-31,22
2025-06-30,cvar_bootstrap,0.47298760397796313,0.00047298760397796315,1.5249647299932485,0.0007212894137904081,2022-01-20,2025-06-30,863,25,2025-07-01,2025-07-31,22
2025-06-30,cvar_montecarlo,0.5054207594275346,0.0005054207594275347,1.4173215712451857,0.0007163437448917684,2022-01-20,2025-06-30,863,25,2025-07-01,2025-07-31,22
2025-07-31,equal,0.5994371027548677,0.0005994371027548677,1.4379388070047916,0.0008619538724097432,2022-01-20,2025-07-31,885,25,2025-08-01,2025-08-29,21
2025-07-31,inverse_volatility,0.6706208628826985,0.0006706208628826985,1.491834470540976,0.001000455319912343,2022-01-20,2025-07-31,885,25,2025-08-01,2025-08-29,21
2025-07-31,risk_parity,0.5754041272357143,0.0005754041272357143,1.4434158556681462,0.0008305474406689214,2022-01-20,2025-07-31,885,25,2025-08-01,2025-08-29,21
2025-07-31,markowitz_best_sharpe_default,0.5718988497084068,0.0005718988497084068,1.3476458115922003,0.0007707170894639317,2022-01-20,2025-07-31,885,25,2025-08-01,2025-08-29,21
2025-07-31,cvar_bootstrap,0.6851636943353833,0.0006851636943353833,1.4666297604985365,0.0010048814649253957,2022-01-20,2025-07-31,885,25,2025-08-01,2025-08-29,21
2025-07-31,cvar_montecarlo,0.6819832818781828,0.0006819832818781828,1.3777400086342,0.0009395956526632277,2022-01-20,2025-07-31,885,25,2025-08-01,2025-08-29,21
2025-08-29,equal,0.3751459914533216,0.00037514599145332164,1.4344207343628368,0.0005381171885537481,2022-01-20,2025-08-29,906,25,2025-09-02,2025-09-30,21
2025-08-29,inverse_volatility,0.4237930103756557,0.0004237930103756557,1.4949460123389566,0.0006335476709182085,2022-01-20,2025-08-29,906,25,2025-09-02,2025-09-30,21
2025-08-29,risk_parity,0.3822428699886529,0.0003822428699886529,1.4497998794276452,0.0005541756668216261,2022-01-20,2025-08-29,906,25,2025-09-02,2025-09-30,21
2025-08-29,markowitz_best_sharpe_default,0.23202784997988257,0.00023202784997988259,1.3467084079432041,0.0003124738564448923,2022-01-20,2025-08-29,906,25,2025-09-02,2025-09-30,21
2025-08-29,cvar_bootstrap,0.794640404952699,0.0007946404049526991,1.4910131223074952,0.0011848192713002162,2022-01-20,2025-08-29,906,25,2025-09-02,2025-09-30,21
2025-08-29,cvar_montecarlo,0.48487926964737416,0.00048487926964737416,1.3939740974709103,0.0006759091422890525,2022-01-20,2025-08-29,906,25,2025-09-02,2025-09-30,21
2025-09-30,equal,0.592426568663139,0.000592426568663139,1.480781789136459,0.0008772544742769763,2022-01-20,2025-09-30,927,25,2025-10-01,2025-10-31,23
2025-09-30,inverse_volatility,0.5979716028302795,0.0005979716028302795,1.541475843155617,0.0009217587806559208,2022-01-20,2025-09-30,927,25,2025-10-01,2025-10-31,23
2025-09-30,risk_parity,0.5260541332426981,0.0005260541332426981,1.4989205932456855,0.0007885133734794899,2022-01-20,2025-09-30,927,25,2025-10-01,2025-10-31,23
2025-09-30,markowitz_best_sharpe_default,0.44811393484309714,0.0004481139348430971,1.414147668498009,0.0006336992761798345,2022-01-20,2025-09-30,927,25,2025-10-01,2025-10-31,23
2025-09-30,cvar_bootstrap,0.7056071926140774,0.0007056071926140775,1.561147752378736,0.001101557082811737,2022-01-20,2025-09-30,927,25,2025-10-01,2025-10-31,23
2025-09-30,cvar_montecarlo,0.6058928564556614,0.0006058928564556614,1.4473407987994662,0.0008769334508494273,2022-01-20,2025-09-30,927,25,2025-10-01,2025-10-31,23
2025-10-31,equal,0.5175262965684646,0.0005175262965684646,1.4786437811877005,0.0007652370400220617,2022-01-20,2025-10-31,950,25,2025-11-03,2025-11-28,19
2025-10-31,inverse_volatility,0.5516952545159944,0.0005516952545159945,1.5230450888673275,0.0008402567479419957,2022-01-20,2025-10-31,950,25,2025-11-03,2025-11-28,19
2025-10-31,risk_parity,0.48412934589550033,0.00048412934589550037,1.483466691182901,0.0007181897588601401,2022-01-20,2025-10-31,950,25,2025-11-03,2025-11-28,19
2025-10-31,markowitz_best_sharpe_default,0.34200720249933375,0.0003420072024993338,1.4437273754130346,0.0004937651608367174,2022-01-20,2025-10-31,950,25,2025-11-03,2025-11-28,19
2025-10-31,cvar_bootstrap,0.5811051474055648,0.0005811051474055649,1.5645562913912496,0.0009091717143332161,2022-01-20,2025-10-31,950,25,2025-11-03,2025-11-28,19
2025-10-31,cvar_montecarlo,0.4763178178254785,0.0004763178178254785,1.4120267461792,0.0006725734984512873,2022-01-20,2025-10-31,950,25,2025-11-03,2025-11-28,19
2025-11-28,equal,0.683630320259894,0.000683630320259894,1.5101834020352698,0.0010324071627845477,2022-01-20,2025-11-28,969,25,2025-12-01,2025-12-31,22
2025-11-28,inverse_volatility,0.7398957990476689,0.0007398957990476689,1.571623098012395,0.001162837327905654,2022-01-20,2025-11-28,969,25,2025-12-01,2025-12-31,22
2025-11-28,risk_parity,0.6488864886118864,0.0006488864886118864,1.5389787248685414,0.0009986225008283463,2022-01-20,2025-11-28,969,25,2025-12-01,2025-12-31,22
2025-11-28,markowitz_best_sharpe_default,0.7238076104063473,0.0007238076104063474,1.507738080155095,0.001091312296915713,2022-01-20,2025-11-28,969,25,2025-12-01,2025-12-31,22
2025-11-28,cvar_bootstrap,0.880724073172775,0.0008807240731727751,1.654602287724913,0.0014572480663260772,2022-01-20,2025-11-28,969,25,2025-12-01,2025-12-31,22
2025-11-28,cvar_montecarlo,0.8410394957573566,0.0008410394957573566,1.5033861543828035,0.0012644071332107046,2022-01-20,2025-11-28,969,25,2025-12-01,2025-12-31,22
2025-12-31,equal,0.5158063575728131,0.0005158063575728131,1.5035380280529163,0.0007755344737221848,2022-01-20,2025-12-31,991,25,2026-01-02,2026-01-30,20
2025-12-31,inverse_volatility,0.5130613834596215,0.0005130613834596215,1.553688995992198,0.0007971378257497474,2022-01-20,2025-12-31,991,25,2026-01-02,2026-01-30,20
2025-12-31,risk_parity,0.47668904633980635,0.00047668904633980637,1.5247259438769571,0.0007268201561162678,2022-01-20,2025-12-31,991,25,2026-01-02,2026-01-30,20
2025-12-31,markowitz_best_sharpe_default,0.4229715425692658,0.0004229715425692658,1.4883741922870126,0.0006295399280319227,2022-01-20,2025-12-31,991,25,2026-01-02,2026-01-30,20
2025-12-31,cvar_bootstrap,0.6112166913553196,0.0006112166913553196,1.6331568797891507,0.0009982127445289021,2022-01-20,2025-12-31,991,25,2026-01-02,2026-01-30,20
2025-12-31,cvar_montecarlo,0.6508171687318032,0.0006508171687318032,1.4803262176632284,0.0009634217177790413,2022-01-20,2025-12-31,991,25,2026-01-02,2026-01-30,20
2026-01-30,equal,0.4583302446091705,0.0004583302446091705,1.5756047942746025,0.0007221473307672603,2022-01-20,2026-01-30,1011,25,2026-02-02,2026-02-27,19
2026-01-30,inverse_volatility,0.4226471258858741,0.0004226471258858741,1.6152160848854338,0.0006826664359614626,2022-01-20,2026-01-30,1011,25,2026-02-02,2026-02-27,19
2026-01-30,risk_parity,0.36523108837431023,0.00036523108837431024,1.5877665133220737,0.0005799016917449048,2022-01-20,2026-01-30,1011,25,2026-02-02,2026-02-27,19
2026-01-30,markowitz_best_sharpe_default,0.36981174474259176,0.00036981174474259176,1.4827923934210154,0.0005483540421020693,2022-01-20,2026-01-30,1011,25,2026-02-02,2026-02-27,19
2026-01-30,cvar_bootstrap,0.4481136228800065,0.0004481136228800065,1.669429866765252,0.0007480942657402637,2022-01-20,2026-01-30,1011,25,2026-02-02,2026-02-27,19
2026-01-30,cvar_montecarlo,0.5765081836145799,0.0005765081836145799,1.5178458246399433,0.0008750505393701479,2022-01-20,2026-01-30,1011,25,2026-02-02,2026-02-27,19
2026-02-27,equal,0.58272462539632,0.00058272462539632,1.6913732024390242,0.0009856048157966546,2022-01-20,2026-02-27,1030,25,2026-03-02,2026-03-31,22
2026-02-27,inverse_volatility,0.5276525237313612,0.0005276525237313612,1.7349502086027881,0.0009154508561175128,2022-01-20,2026-02-27,1030,25,2026-03-02,2026-03-31,22
2026-02-27,risk_parity,0.5096374539204558,0.0005096374539204558,1.7123418340203935,0.000872673532531637,2022-01-20,2026-02-27,1030,25,2026-03-02,2026-03-31,22
2026-02-27,markowitz_best_sharpe_default,0.44959283730154226,0.00044959283730154224,1.6102847125374218,0.0007239724727729978,2022-01-20,2026-02-27,1030,25,2026-03-02,2026-03-31,22
2026-02-27,cvar_bootstrap,0.8049132481530947,0.0008049132481530947,1.787063477748688,0.0014384310685304621,2022-01-20,2026-02-27,1030,25,2026-03-02,2026-03-31,22
2026-02-27,cvar_montecarlo,0.7277000420493526,0.0007277000420493526,1.6157909312735796,0.0011758111286307464,2022-01-20,2026-02-27,1030,25,2026-03-02,2026-03-31,22
2026-03-31,equal,0.5963829861390071,0.000596382986139007,1.5604104126872709,0.000930602221520835,2022-01-20,2026-03-31,1052,25,2026-04-01,2026-04-30,21
2026-03-31,inverse_volatility,0.6020763282184097,0.0006020763282184097,1.6019273120389348,0.0009644825141051886,2022-01-20,2026-03-31,1052,25,2026-04-01,2026-04-30,21
2026-03-31,risk_parity,0.5634230670236938,0.0005634230670236938,1.5743052943500648,0.0008869999173743527,2022-01-20,2026-03-31,1052,25,2026-04-01,2026-04-30,21
2026-03-31,markowitz_best_sharpe_default,0.5119358413842612,0.0005119358413842612,1.4733004559489216,0.0007542353085280268,2022-01-20,2026-03-31,1052,25,2026-04-01,2026-04-30,21
2026-03-31,cvar_bootstrap,0.7364484099734323,0.0007364484099734323,1.6350904344422252,0.0012041597506077454,2022-01-20,2026-03-31,1052,25,2026-04-01,2026-04-30,21
2026-03-31,cvar_montecarlo,0.6452054216793421,0.0006452054216793422,1.484920036563594,0.0009580784583511179,2022-01-20,2026-03-31,1052,25,2026-04-01,2026-04-30,21
2026-04-30,equal,0.5407359486314567,0.0005407359486314567,1.6261863430523675,0.0008793374148619414,2022-01-20,2026-04-30,1073,25,2026-05-01,2026-05-01,1
2026-04-30,inverse_volatility,0.5529202858296209,0.000552920285829621,1.6619336622738676,0.0009189168355743356,2022-01-20,2026-04-30,1073,25,2026-05-01,2026-05-01,1
2026-04-30,risk_parity,0.47952636445950414,0.00047952636445950416,1.6164892663986599,0.0007751492211039603,2022-01-20,2026-04-30,1073,25,2026-05-01,2026-05-01,1
2026-04-30,markowitz_best_sharpe_default,0.29213156478410707,0.00029213156478410707,1.5147312153555799,0.0004425008001691578,2022-01-20,2026-04-30,1073,25,2026-05-01,2026-05-01,1
2026-04-30,cvar_bootstrap,0.6032690109547666,0.0006032690109547666,1.649154313357342,0.000994883691530871,2022-01-20,2026-04-30,1073,25,2026-05-01,2026-05-01,1
2026-04-30,cvar_montecarlo,0.5757933957811073,0.0005757933957811073,1.4824679440105184,0.0008535952516184529,2022-01-20,2026-04-30,1073,25,2026-05-01,2026-05-01,1
