ticker,cluster_id,symbol,company_name,sector,sub_industry,observations,annual_return,annual_volatility,risk_free_rate,excess_annual_return,sharpe_ratio,selected,mst_degree
PM,1,PM,Philip Morris International,Consumer Staples,Tobacco,1842,0.19108173094064074,0.2539511636732571,0.0368,0.15428173094064074,0.6075251977941132,True,2
MNST,1,MNST,Monster Beverage,Consumer Staples,Soft Drinks & Non-alcoholic Beverages,1842,0.17186825172737308,0.2618539762481173,0.0368,0.13506825172737308,0.5158151640950849,False,1
MO,1,MO,Altria,Consumer Staples,Tobacco,1842,0.13981619747652796,0.24002743271355212,0.0368,0.10301619747652796,0.4291850990193572,False,1
KO,1,KO,Coca-Cola Company (The),Consumer Staples,Soft Drinks & Non-alcoholic Beverages,1842,0.10738159482147958,0.19774110129300085,0.0368,0.07058159482147958,0.3569394241255692,False,3
PG,1,PG,Procter & Gamble,Consumer Staples,Personal Care Products,1842,0.09739469857429195,0.20112001660927678,0.0368,0.06059469857429195,0.301286264768024,False,4
HSY,1,HSY,Hershey Company (The),Consumer Staples,Packaged Foods & Meats,1842,0.10645011767261892,0.24060308437001224,0.0368,0.06965011767261892,0.28948139985399046,False,1
MDLZ,1,MDLZ,Mondelez International,Consumer Staples,Packaged Foods & Meats,1842,0.08712655609043307,0.21506139305950356,0.0368,0.05032655609043307,0.23401018367117446,False,4
PEP,1,PEP,PepsiCo,Consumer Staples,Soft Drinks & Non-alcoholic Beverages,1842,0.0853539456846184,0.21174523156202107,0.0368,0.048553945684618405,0.229303608522569,False,7
CL,1,CL,Colgate-Palmolive,Consumer Staples,Household Products,1842,0.08235797750248897,0.20430203677232936,0.0368,0.04555797750248897,0.22299326145856288,False,1
CHD,1,CHD,Church & Dwight,Consumer Staples,Household Products,1842,0.07348577682410884,0.22384739784308877,0.0368,0.03668577682410884,0.16388743928944227,False,2
TSN,1,TSN,Tyson Foods,Consumer Staples,Packaged Foods & Meats,1842,0.05488212405807236,0.29032914169286794,0.0368,0.018082124058072357,0.062281464246537785,False,1
KDP,1,KDP,Keurig Dr Pepper,Consumer Staples,Soft Drinks & Non-alcoholic Beverages,1842,0.04652828499348849,0.2418382391129665,0.0368,0.00972828499348849,0.04022641344549425,False,1
SJM,1,SJM,J.M. Smucker Company (The),Consumer Staples,Packaged Foods & Meats,1842,0.03893205834071245,0.24881595075321125,0.0368,0.0021320583407124505,0.008568816967956923,False,1
GIS,1,GIS,General Mills,Consumer Staples,Packaged Foods & Meats,1842,0.026244722237858342,0.22330810986034788,0.0368,-0.010555277762141657,-0.047267776207244344,False,6
KMB,1,KMB,Kimberly-Clark,Consumer Staples,Household Products,1842,0.017768886523989558,0.21682547038506983,0.0368,-0.01903111347601044,-0.08777157703019048,False,2
STZ,1,STZ,Constellation Brands,Consumer Staples,Distillers & Vintners,1842,0.010146281764249476,0.2872401148440472,0.0368,-0.026653718235750523,-0.09279246476496421,False,1
TAP,1,TAP,Molson Coors Beverage Company,Consumer Staples,Brewers,1842,-0.014596708323074026,0.29831538084309167,0.0368,-0.051396708323074025,-0.1722898369430966,False,1
CAG,1,CAG,Conagra Brands,Consumer Staples,Packaged Foods & Meats,1842,-0.010102682967188192,0.26958694465571154,0.0368,-0.04690268296718819,-0.17397980093986906,False,1
MKC,1,MKC,McCormick & Company,Consumer Staples,Packaged Foods & Meats,1842,-0.020021838394963742,0.2586457034056524,0.0368,-0.05682183839496374,-0.21968986009346547,False,1
CPB,1,CPB,Campbell's Company (The),Consumer Staples,Packaged Foods & Meats,1842,-0.02262683626294093,0.25456705496716214,0.0368,-0.05942683626294093,-0.2334427613604859,False,1
KHC,1,KHC,Kraft Heinz,Consumer Staples,Packaged Foods & Meats,1842,-0.038449122124986745,0.2886222510109191,0.0368,-0.07524912212498674,-0.2607183675597483,False,2
CLX,1,CLX,Clorox,Consumer Staples,Household Products,1842,-0.0411347038030867,0.25853007476084616,0.0368,-0.0779347038030867,-0.30145314379837773,False,1
BF-B,1,BF.B,Brown–Forman,Consumer Staples,Distillers & Vintners,1842,-0.06011656759545958,0.2985089778171981,0.0368,-0.09691656759545958,-0.3246688535271112,False,2
HRL,1,HRL,Hormel Foods,Consumer Staples,Packaged Foods & Meats,1842,-0.05958276802714857,0.23877621670927937,0.0368,-0.09638276802714857,-0.4036531332787589,False,2
KVUE,1,KVUE,Kenvue,Consumer Staples,Personal Care Products,750,-0.10077797528724353,0.28831802791980765,0.0368,-0.13757797528724353,,False,1
TGT,2,TGT,Target Corporation,Consumer Staples,Consumer Staples Merchandise Retail,1842,0.12665874681061684,0.35063622796303984,0.0368,0.08985874681061684,0.25627342426261995,True,2
DG,2,DG,Dollar General,Consumer Staples,Consumer Staples Merchandise Retail,1842,0.02317925367379048,0.33047880269726204,0.0368,-0.01362074632620952,-0.04121518903796963,False,1
DLTR,2,DLTR,Dollar Tree,Consumer Staples,Consumer Staples Merchandise Retail,1842,0.006582108368435424,0.3877068527522004,0.0368,-0.030217891631564575,-0.07794005036810141,False,2
COST,3,COST,Costco,Consumer Staples,Consumer Staples Merchandise Retail,1842,0.2636638331898238,0.2267361855111827,0.0368,0.22686383318982378,1.0005629788573593,True,2
CASY,3,CASY,Casey's,Consumer Staples,Food Retail,1842,0.3011543273465551,0.28734169178125313,0.0368,0.2643543273465551,0.9199998987539971,False,1
WMT,3,WMT,Walmart,Consumer Staples,Consumer Staples Merchandise Retail,1842,0.23682625408986602,0.22151964184760842,0.0368,0.20002625408986602,0.9029729933721702,False,2
ORLY,3,ORLY,O’Reilly Automotive,Consumer Discretionary,Automotive Retail,1842,0.22330317925638155,0.25938716852644234,0.0368,0.18650317925638155,0.7190146695223635,False,2
AZO,3,AZO,AutoZone,Consumer Discretionary,Automotive Retail,1842,0.22362505181275072,0.26732803359833235,0.0368,0.18682505181275072,0.6988606817549874,False,1
RSG,3,RSG,Republic Services,Industrials,Environmental & Facilities Services,1842,0.17539132767770593,0.2055054420019668,0.0368,0.13859132767770593,0.6743924945616746,False,2
WM,3,WM,Waste Management,Industrials,Environmental & Facilities Services,1842,0.1597710311175926,0.2094383231964584,0.0368,0.12297103111759261,0.5871467515629539,False,1
ROL,3,ROL,"Rollins, Inc.",Industrials,Environmental & Facilities Services,1842,0.13675518845834622,0.2680652053778182,0.0368,0.09995518845834622,0.3728763989249061,False,1
TSCO,3,TSCO,Tractor Supply,Consumer Discretionary,Other Specialty Retail,1842,0.12440108257305749,0.29609234617135044,0.0368,0.08760108257305749,0.29585730163508583,False,1
KR,4,KR,Kroger,Consumer Staples,Food Retail,1842,0.15776897915704335,0.2806292367229512,0.0368,0.12096897915704335,0.4310633509525201,True,1
IRM,5,IRM,Iron Mountain,Real Estate,Other Specialized REITs,1842,0.2694057664149303,0.31827303765777337,0.0368,0.2326057664149303,0.7308371708980332,True,1
ETR,5,ETR,Entergy,Utilities,Electric Utilities,1842,0.19333385822575022,0.26246451748534483,0.0368,0.15653385822575022,0.5964000761912154,False,1
EQIX,5,EQIX,Equinix,Real Estate,Data Center REITs,1842,0.18905289418567062,0.29066174352960084,0.0368,0.15225289418567062,0.523814700678575,False,3
SO,5,SO,Southern Company,Utilities,Electric Utilities,1842,0.1590769048903915,0.23798451971787324,0.0368,0.1222769048903915,0.5138019272654741,False,1
WELL,5,WELL,Welltower,Real Estate,Health Care REITs,1842,0.21041529641778056,0.3513473885856176,0.0368,0.17361529641778056,0.49414141689421825,False,1
PLD,5,PLD,Prologis,Real Estate,Industrial REITs,1842,0.1642384116081823,0.29156170496306894,0.0368,0.1274384116081823,0.4370889915886741,False,2
ATO,5,ATO,Atmos Energy,Utilities,Gas Utilities,1842,0.13497310124874473,0.22789814123419738,0.0368,0.09817310124874473,0.430776226243364,False,1
AEP,5,AEP,American Electric Power,Utilities,Electric Utilities,1842,0.1296732774541376,0.22586538448740873,0.0368,0.09287327745413759,0.41118862753099283,False,1
NEE,5,NEE,NextEra Energy,Utilities,Multi-Utilities,1842,0.1496071008628692,0.28099035117597415,0.0368,0.11280710086286921,0.40146254271991777,False,2
NI,5,NI,NiSource,Utilities,Multi-Utilities,1842,0.13157784867515887,0.24635270367845316,0.0368,0.09477784867515887,0.38472420744716374,False,1
LNT,5,LNT,Alliant Energy,Utilities,Electric Utilities,1842,0.12065225020530979,0.22635429366063792,0.0368,0.08385225020530979,0.37044691686310766,False,12
WEC,5,WEC,WEC Energy Group,Utilities,Electric Utilities,1842,0.11435376988730761,0.23338199404758392,0.0368,0.07755376988730761,0.3323039988744602,False,4
AEE,5,AEE,Ameren,Utilities,Multi-Utilities,1842,0.11461724751993141,0.23444210017649533,0.0368,0.07781724751993141,0.33192522785518536,False,2
DLR,5,DLR,Digital Realty,Real Estate,Data Center REITs,1842,0.13210482092199904,0.2982011545126443,0.0368,0.09530482092199904,0.31959910107577383,False,1
XEL,5,XEL,Xcel Energy,Utilities,Multi-Utilities,1842,0.11055725977159292,0.2342758942120755,0.0368,0.07375725977159292,0.3148307683112503,False,1
SRE,5,SRE,Sempra,Utilities,Multi-Utilities,1842,0.1176035803402462,0.2656290799913936,0.0368,0.0808035803402462,0.30419704176539797,False,2
DUK,5,DUK,Duke Energy,Utilities,Electric Utilities,1842,0.10344880760629405,0.220307513276729,0.0368,0.06664880760629405,0.3025262580245107,False,6
DTE,5,DTE,DTE Energy,Utilities,Multi-Utilities,1842,0.10766284305440355,0.24276614875130084,0.0368,0.07086284305440355,0.29189754592596934,False,5
PEG,5,PEG,Public Service Enterprise Group,Utilities,Electric Utilities,1842,0.10330759868760864,0.23526049854779144,0.0368,0.06650759868760864,0.28269768659908756,False,1
VICI,5,VICI,Vici Properties,Real Estate,Hotel & Resort REITs,1842,0.12156027232672706,0.30154596633189285,0.0368,0.08476027232672706,0.2810857440999118,False,1
PSA,5,PSA,Public Storage,Real Estate,Self-Storage REITs,1842,0.10552711065899967,0.24895723648358145,0.0368,0.06872711065899967,0.2760599034185221,False,1
CMS,5,CMS,CMS Energy,Utilities,Multi-Utilities,1842,0.09722869616184693,0.22229901127094112,0.0368,0.06042869616184693,0.2718351998794794,False,2
EXR,5,EXR,Extra Space Storage,Real Estate,Self-Storage REITs,1842,0.11025897728578382,0.28837309324461413,0.0368,0.07345897728578382,0.25473589251779405,False,2
ED,5,ED,Consolidated Edison,Utilities,Multi-Utilities,1842,0.09411814617590242,0.22542053199504117,0.0368,0.05731814617590242,0.2542720739260934,False,1
EVRG,5,EVRG,Evergy,Utilities,Electric Utilities,1842,0.09694174853777238,0.24938340795849148,0.0368,0.06014174853777238,0.2411617879076488,False,1
KIM,5,KIM,Kimco Realty,Real Estate,Retail REITs,1842,0.1172012641143545,0.366628462605199,0.0368,0.0804012641143545,0.21929902425751918,False,3
EXC,5,EXC,Exelon,Utilities,Electric Utilities,1842,0.09307859572914068,0.25908295785127977,0.0368,0.05627859572914068,0.2172222989728488,False,1
PPL,5,PPL,PPL Corporation,Utilities,Electric Utilities,1842,0.08701416738586687,0.24314431707696055,0.0368,0.05021416738586687,0.20652001243349224,False,1
CNP,5,CNP,CenterPoint Energy,Utilities,Multi-Utilities,1842,0.09402322464956625,0.2851309325341741,0.0368,0.05722322464956625,0.20069104442994032,False,1
MAA,5,MAA,Mid-America Apartment Communities,Real Estate,Multi-Family Residential REITs,1842,0.08431984612397914,0.25965645393804476,0.0368,0.04751984612397914,0.18301045632902926,False,2
VTR,5,VTR,Ventas,Real Estate,Health Care REITs,1842,0.10317248192134598,0.3857082811816835,0.0368,0.06637248192134598,0.17207948379537638,False,2
INVH,5,INVH,Invitation Homes,Real Estate,Single-Family Residential REITs,1842,0.08220451327539857,0.27347725457164596,0.0368,0.04540451327539857,0.16602665309960332,False,1
PNW,5,PNW,Pinnacle West Capital,Utilities,Multi-Utilities,1842,0.07529575256197218,0.246138445582107,0.0368,0.038495752561972185,0.15639877984494197,False,1
FE,5,FE,FirstEnergy,Utilities,Electric Utilities,1842,0.07766046256310943,0.2632760281714036,0.0368,0.040860462563109434,0.1552000873262475,False,1
REG,5,REG,Regency Centers,Real Estate,Retail REITs,1842,0.0872865425531879,0.3286373580529951,0.0368,0.05048654255318791,0.15362386933821015,False,1
EIX,5,EIX,Edison International,Utilities,Electric Utilities,1842,0.07565289850487189,0.28931670575115787,0.0368,0.03885289850487189,0.13429192899178585,False,2
AWK,5,AWK,American Water Works,Utilities,Water Utilities,1842,0.07101147750152292,0.2573910990923809,0.0368,0.034211477501522924,0.13291631925952496,False,2
SPG,5,SPG,Simon Property Group,Real Estate,Retail REITs,1842,0.08611413373646659,0.4161954381463815,0.0368,0.04931413373646659,0.11848792470214956,False,2
CPT,5,CPT,Camden Property Trust,Real Estate,Multi-Family Residential REITs,1842,0.06463433589609724,0.2642900438976804,0.0368,0.02783433589609724,0.10531738345343525,False,2
O,5,O,Realty Income,Real Estate,Retail REITs,1842,0.058944702573956675,0.2756977211415081,0.0368,0.022144702573956676,0.08032239977272213,False,2
WY,5,WY,Weyerhaeuser,Real Estate,Timber REITs,1842,0.05987723244262377,0.35168070750330055,0.0368,0.023077232442623774,0.06561984194827404,False,1
SBAC,5,SBAC,SBA Communications,Real Estate,Telecom Tower REITs,1842,0.055882573697131344,0.3018087139283429,0.0368,0.019082573697131344,0.06322737819181071,False,1
ES,5,ES,Eversource Energy,Utilities,Electric Utilities,1842,0.051824868913267874,0.26663268594207024,0.0368,0.015024868913267875,0.05635043903256573,False,1
ESS,5,ESS,Essex Property Trust,Real Estate,Multi-Family Residential REITs,1842,0.04895611188360949,0.2814535433683221,0.0368,0.012156111883609488,0.04319047377457061,False,1
AMT,5,AMT,American Tower,Real Estate,Telecom Tower REITs,1842,0.048127484012133515,0.28312907845824137,0.0368,0.011327484012133515,0.04000819722868629,False,4
AVB,5,AVB,AvalonBay Communities,Real Estate,Multi-Family Residential REITs,1842,0.04633271366745784,0.2703519229609358,0.0368,0.009532713667457837,0.03526038787908032,False,2
EQR,5,EQR,Equity Residential,Real Estate,Multi-Family Residential REITs,1842,0.0412279605157595,0.2734430333385522,0.0368,0.004427960515759499,0.016193356479765213,False,2
FRT,5,FRT,Federal Realty Investment Trust,Real Estate,Retail REITs,1842,0.03856734222994751,0.32563060030261465,0.0368,0.0017673422299475106,0.005427445173472905,False,4
D,5,D,Dominion Energy,Utilities,Multi-Utilities,1842,0.032170897525755526,0.25705848303881673,0.0368,-0.004629102474244473,-0.018007973981335065,False,1
UDR,5,UDR,"UDR, Inc.",Real Estate,Multi-Family Residential REITs,1842,0.03127400893312493,0.2780062996615156,0.0368,-0.005525991066875069,-0.019877215277507007,False,5
CCI,5,CCI,Crown Castle,Real Estate,Telecom Tower REITs,1842,0.018674946507576617,0.28159622078574875,0.0368,-0.018125053492423382,-0.06436540036598627,False,1
PCG,5,PCG,PG&E Corporation,Utilities,Multi-Utilities,1842,-0.045317084423551424,0.6432491450822866,0.0368,-0.08211708442355142,-0.1276598423042548,False,1
DOC,5,DOC,Healthpeak Properties,Real Estate,Health Care REITs,1842,-0.018138121247061934,0.3116397984386527,0.0368,-0.05493812124706193,-0.1762872441912347,False,4
BXP,5,BXP,"BXP, Inc.",Real Estate,Office REITs,1842,-0.0380088892601711,0.3568650950509107,0.0368,-0.0748088892601711,-0.20962792466295643,False,1
ARE,5,ARE,Alexandria Real Estate Equities,Real Estate,Office REITs,1842,-0.09632750330824236,0.3171091757865197,0.0368,-0.13312750330824236,-0.4198159923251947,False,2
MCD,6,MCD,McDonald's,Consumer Discretionary,Restaurants,1842,0.09753552810786625,0.21549053514723618,0.0368,0.060735528107866255,0.28184777612793094,True,1
YUM,6,YUM,Yum! Brands,Consumer Discretionary,Restaurants,1842,0.10074271556819947,0.244329305905048,0.0368,0.06394271556819947,0.2617071060360196,False,2
DRI,6,DRI,Darden Restaurants,Consumer Discretionary,Restaurants,1842,0.13369971613484033,0.39389096467934437,0.0368,0.09689971613484033,0.2460064454987529,False,1
SYY,6,SYY,Sysco,Consumer Staples,Food Distributors,1842,0.05415802862497987,0.33527722362508183,0.0368,0.01735802862497987,0.051772167632807044,False,3
TMUS,7,TMUS,T-Mobile US,Communication Services,Wireless Telecommunication Services,1842,0.16884299143166404,0.2666977462642911,0.0368,0.13204299143166404,0.4951035143012142,True,1
T,7,T,AT&T,Communication Services,Integrated Telecommunication Services,1842,0.09803180548812285,0.24983189106499792,0.0368,0.06123180548812285,0.24509203059345364,False,1
VZ,7,VZ,Verizon,Communication Services,Integrated Telecommunication Services,1842,0.035886804022777996,0.21106359803881714,0.0368,-0.0009131959772220033,-0.004326638916929937,False,3
CMCSA,7,CMCSA,Comcast,Communication Services,Cable & Satellite,1842,0.003934281670713746,0.2770573128569904,0.0368,-0.03286571832928625,-0.11862425860692101,False,2
CHTR,7,CHTR,Charter Communications,Communication Services,Cable & Satellite,1842,-0.06911645914237852,0.35880561270208544,0.0368,-0.10591645914237852,-0.2951917567418892,False,1
CBOE,8,CBOE,Cboe Global Markets,Financials,Financial Exchanges & Data,1842,0.19598888850291418,0.26273063983280937,0.0368,0.15918888850291418,0.6059014989809154,True,1
CME,8,CME,CME Group,Financials,Financial Exchanges & Data,1842,0.10288141023710184,0.25512240684130627,0.0368,0.06608141023710185,0.25901844943869023,False,2
PGR,9,PGR,Progressive Corporation,Financials,Property & Casualty Insurance,1842,0.22150573974313104,0.26167685926941114,0.0368,0.18470573974313104,0.7058543130593218,True,1
WRB,9,WRB,W. R. Berkley Corporation,Financials,Property & Casualty Insurance,1842,0.1942988878191796,0.2710289213345585,0.0368,0.1574988878191796,0.5811146907999635,False,1
AJG,9,AJG,Arthur J. Gallagher & Co.,Financials,Insurance Brokers,1842,0.17501168092471242,0.25038965909489214,0.0368,0.13821168092471242,0.5519863776496188,False,2
ACGL,9,ACGL,Arch Capital Group,Financials,Property & Casualty Insurance,1842,0.20148729698256918,0.3043457203779444,0.0368,0.16468729698256918,0.5411191482438334,False,2
HIG,9,HIG,Hartford (The),Financials,Property & Casualty Insurance,1842,0.19693196927947954,0.31962369398526685,0.0368,0.16013196927947954,0.501001559937108,False,2
ALL,9,ALL,Allstate,Financials,Property & Casualty Insurance,1842,0.1727545847881875,0.27253628357337506,0.0368,0.1359545847881875,0.4988494853074651,False,2
TRV,9,TRV,Travelers Companies (The),Financials,Property & Casualty Insurance,1842,0.16529812727998494,0.26611925013009113,0.0368,0.12849812727998494,0.48285919645861486,False,3
CB,9,CB,Chubb Limited,Financials,Property & Casualty Insurance,1842,0.15755138855726858,0.25896618573973507,0.0368,0.12075138855726858,0.46628245387459794,False,2
LDOS,9,LDOS,Leidos,Industrials,Diversified Support Services,1842,0.17106278059708346,0.289798428701062,0.0368,0.13426278059708346,0.463297131039936,False,1
AIZ,9,AIZ,Assurant,Financials,Multi-line Insurance,1842,0.1628396841628572,0.2863021544536049,0.0368,0.1260396841628572,0.44023309710469494,False,1
AFL,9,AFL,Aflac,Financials,Life & Health Insurance,1842,0.1606947918764139,0.28450275096001665,0.0368,0.12389479187641389,0.4354783616620487,False,2
BRK-B,9,BRK.B,Berkshire Hathaway,Financials,Multi-Sector Holdings,1842,0.1238400070813126,0.20298242864401017,0.0368,0.0870400070813126,0.4288056245201551,False,1
GD,9,GD,General Dynamics,Industrials,Aerospace & Defense,1842,0.1391071522090872,0.23929273610091234,0.0368,0.1023071522090872,0.4275397317783318,False,5
RTX,9,RTX,RTX Corporation,Industrials,Aerospace & Defense,1842,0.16439766150234125,0.304674461738506,0.0368,0.12759766150234125,0.4187999899113794,False,1
LHX,9,LHX,L3Harris,Industrials,Aerospace & Defense,1842,0.14790952170254568,0.2676648178459114,0.0368,0.11110952170254568,0.41510693335314963,False,1
MRSH,9,MRSH,Marsh McLennan,Financials,Insurance Brokers,1842,0.12840080237447982,0.22466958467952308,0.0368,0.09160080237447982,0.40771340947259305,False,2
NOC,9,NOC,Northrop Grumman,Industrials,Aerospace & Defense,1842,0.14072976958883254,0.27078502789330083,0.0368,0.10392976958883254,0.3838091433540582,False,2
L,9,L,Loews Corporation,Financials,Multi-line Insurance,1842,0.1394237095484714,0.28196426842384864,0.0368,0.10262370954847139,0.3639599801851752,False,7
LMT,9,LMT,Lockheed Martin,Industrials,Aerospace & Defense,1842,0.12424283192478391,0.253121972754157,0.0368,0.08744283192478391,0.34545729465261465,False,2
AON,9,AON,Aon plc,Financials,Insurance Brokers,1842,0.12497137767103861,0.25658080617823326,0.0368,0.08817137767103861,0.34363980293128615,False,2
BRO,9,BRO,Brown & Brown,Financials,Insurance Brokers,1842,0.12227433537810062,0.25865021186325343,0.0368,0.08547433537810062,0.33046304026725604,False,3
CINF,9,CINF,Cincinnati Financial,Financials,Property & Casualty Insurance,1842,0.14024432855647406,0.3172367702525524,0.0368,0.10344432855647406,0.32607925138729016,False,1
AIG,9,AIG,American International Group,Financials,Multi-line Insurance,1842,0.1267666428618892,0.35933917164121276,0.0368,0.08996664286188921,0.2503669234027112,False,1
HII,9,HII,Huntington Ingalls Industries,Industrials,Aerospace & Defense,1842,0.11353640699363265,0.31897857815046277,0.0368,0.07673640699363266,0.24056915495258102,False,1
WTW,9,WTW,Willis Towers Watson,Financials,Insurance Brokers,1842,0.09407483032723807,0.2630263086146261,0.0368,0.05727483032723807,0.2177532377993202,False,1
GL,9,GL,Globe Life,Financials,Life & Health Insurance,1842,0.1100443107704423,0.36208076895962993,0.0368,0.0732443107704423,0.2022872161393599,False,1
EG,9,EG,Everest Group,Financials,Reinsurance,1842,0.09566178594034569,0.29274770986445076,0.0368,0.05886178594034569,0.201066597472616,False,1
ERIE,9,ERIE,Erie Indemnity,Financials,Insurance Brokers,1842,0.09736735105221306,0.3216241326820739,0.0368,0.06056735105221306,0.18831718424588495,False,1
STX,10,STX,Seagate Technology,Information Technology,"Technology Hardware, Storage & Peripherals",1842,0.5450335604609728,0.42602328552143076,0.0368,0.5082335604609729,1.1929713180792945,True,1
CEG,10,CEG,Constellation Energy,Utilities,Electric Utilities,1074,0.6165813960410234,0.4943030459276686,0.0368,0.5797813960410234,1.1729270147484845,False,1
WDC,10,WDC,Western Digital,Information Technology,"Technology Hardware, Storage & Peripherals",1842,0.4613857108404238,0.5145737727281628,0.0368,0.4245857108404238,0.8251211650165512,False,2
VST,10,VST,Vistra Corp.,Utilities,Electric Utilities,1842,0.3370738236126658,0.45853849818559567,0.0368,0.3002738236126658,0.6548497559110698,False,3
NRG,10,NRG,NRG Energy,Utilities,Independent Power Producers & Energy Traders,1842,0.24374825266658195,0.39400131765458385,0.0368,0.20694825266658196,0.5252476156640953,False,1
FSLR,10,FSLR,First Solar,Information Technology,Semiconductors,1842,0.238551304022927,0.5239820461204651,0.0368,0.201751304022927,0.3850347650586176,False,1
AES,10,AES,AES Corporation,Utilities,Independent Power Producers & Energy Traders,1842,0.03746450435941151,0.39544713063556336,0.0368,0.0006645043594115108,0.0016803873588449563,False,1
SNDK,10,SNDK,Sandisk,Information Technology,"Technology Hardware, Storage & Peripherals",304,16.314965365734494,0.9948767009562963,0.0368,16.278165365734495,,False,1
NEM,11,NEM,Newmont,Materials,Gold,1842,0.20890755078731815,0.36891821362974203,0.0368,0.17210755078731815,0.4665195277131281,True,1
NVDA,12,NVDA,Nvidia,Information Technology,Semiconductors,1842,0.7472685487807222,0.5096431686488387,0.0368,0.7104685487807223,1.3940509605265778,True,3
AVGO,12,AVGO,Broadcom,Information Technology,Semiconductors,1842,0.5077541013056515,0.4211797804145478,0.0368,0.47095410130565146,1.11817832480494,False,2
KLAC,12,KLAC,KLA Corporation,Information Technology,Semiconductor Materials & Equipment,1842,0.5148735238860376,0.4470990915821674,0.0368,0.4780735238860376,1.0692786742067844,False,3
LRCX,12,LRCX,Lam Research,Information Technology,Semiconductor Materials & Equipment,1842,0.5108412480297919,0.4798761964594301,0.0368,0.4740412480297919,0.9878407212679251,False,3
CIEN,12,CIEN,Ciena,Information Technology,Communications Equipment,1842,0.46108342480346454,0.4658881725874463,0.0368,0.42428342480346454,0.9106979952873291,False,1
LITE,12,LITE,Lumentum,Information Technology,Communications Equipment,1842,0.5312075909920619,0.5613585143959384,0.0368,0.49440759099206194,0.8807341089750452,False,2
MU,12,MU,Micron Technology,Information Technology,Semiconductors,1842,0.47195827493344966,0.5049463470537293,0.0368,0.43515827493344966,0.8617911139916539,False,3
ANET,12,ANET,Arista Networks,Information Technology,Communications Equipment,1842,0.4256901750111941,0.45589254037063764,0.0368,0.3888901750111941,0.8530303538088799,False,1
AMD,12,AMD,Advanced Micro Devices,Information Technology,Semiconductors,1842,0.4940994538890928,0.5456161965615867,0.0368,0.4572994538890928,0.8381339424506525,False,1
AMAT,12,AMAT,Applied Materials,Information Technology,Semiconductor Materials & Equipment,1842,0.41663484264873984,0.45548459576714767,0.0368,0.37983484264873985,0.8339136958276381,False,3
MPWR,12,MPWR,Monolithic Power Systems,Information Technology,Semiconductors,1842,0.43765514090718227,0.5195556334698223,0.0368,0.4008551409071823,0.7715345866430018,False,4
TER,12,TER,Teradyne,Information Technology,Semiconductor Materials & Equipment,1842,0.3954531446837142,0.48571932624185676,0.0368,0.3586531446837142,0.7383958704272932,False,3
DELL,12,DELL,Dell Technologies,Information Technology,"Technology Hardware, Storage & Peripherals",1842,0.36189942497095906,0.45349236533034365,0.0368,0.32509942497095906,0.7168795989192507,False,1
ADI,12,ADI,Analog Devices,Information Technology,Semiconductors,1842,0.2546654605602692,0.35124975296444905,0.0368,0.21786546056026918,0.6202579751915724,False,3
SMCI,12,SMCI,Supermicro,Information Technology,"Technology Hardware, Storage & Peripherals",1842,0.4903370909772482,0.7475417701126832,0.0368,0.4535370909772482,0.6067046807416298,False,1
COHR,12,COHR,Coherent Corp.,Information Technology,Electronic Components,1842,0.37706458483964345,0.5889425315757598,0.0368,0.34026458483964345,0.5777551570765997,False,2
TXN,12,TXN,Texas Instruments,Information Technology,Semiconductors,1842,0.19195154639589407,0.33159725852275523,0.0368,0.15515154639589407,0.4678915232504767,False,2
ON,12,ON,ON Semiconductor,Information Technology,Semiconductors,1842,0.279253697896406,0.551589741898975,0.0368,0.24245369789640597,0.43955439972778165,False,1
NXPI,12,NXPI,NXP Semiconductors,Information Technology,Semiconductors,1842,0.22067436219528092,0.43715207976508225,0.0368,0.18387436219528092,0.4206187519320318,False,3
CSCO,12,CSCO,Cisco,Information Technology,Communications Equipment,1842,0.14439134295809541,0.2676783497513003,0.0368,0.10759134295809542,0.40194264145030195,False,1
QCOM,12,QCOM,Qualcomm,Information Technology,Semiconductors,1842,0.19183634338214595,0.4096339297886793,0.0368,0.15503634338214595,0.3784753461758542,False,1
HPE,12,HPE,Hewlett Packard Enterprise,Information Technology,"Technology Hardware, Storage & Peripherals",1842,0.14295739659159712,0.3829010210374803,0.0368,0.10615739659159712,0.27724500787164497,False,4
MCHP,12,MCHP,Microchip Technology,Information Technology,Semiconductors,1842,0.16093864138397151,0.455146813778775,0.0368,0.12413864138397152,0.27274417314565524,False,3
NTAP,12,NTAP,NetApp,Information Technology,"Technology Hardware, Storage & Peripherals",1842,0.11803325099567186,0.3599499020697041,0.0368,0.08123325099567186,0.22567932517437128,False,1
FFIV,12,FFIV,"F5, Inc.",Information Technology,Communications Equipment,1842,0.10094722651694488,0.3124234687178197,0.0368,0.06414722651694488,0.2053214080882078,False,2
INTC,12,INTC,Intel,Information Technology,Semiconductors,1842,0.12770870746541885,0.4788629517602793,0.0368,0.09090870746541885,0.18984284988271155,False,1
HPQ,12,HPQ,HP Inc.,Information Technology,"Technology Hardware, Storage & Peripherals",1842,0.03604338025774578,0.37334814723338,0.0368,-0.0007566197422542165,-0.0020265796090351384,False,1
SWKS,12,SWKS,Skyworks Solutions,Information Technology,Semiconductors,1842,0.02498657380968594,0.4211385176143674,0.0368,-0.011813426190314058,-0.028051165343967663,False,2
VRT,13,VRT,Vertiv,Industrials,Electrical Components & Equipment,1842,0.6200929185808566,0.5607173762469,0.0368,0.5832929185808566,1.0402618918020048,True,1
AXON,13,AXON,Axon Enterprise,Industrials,Aerospace & Defense,1842,0.3499338435819186,0.5060265903375775,0.0368,0.3131338435819186,0.6188090696439936,False,1
GEV,13,GEV,GE Vernova,Industrials,Heavy Electrical Equipment,525,1.758609351760458,0.531758564098771,0.0368,1.721809351760458,,False,3
TKO,14,TKO,TKO Group Holdings,Communication Services,Movies & Entertainment,1842,0.1496410147502294,0.37284671939657776,0.0368,0.1128410147502294,0.3026471975745246,True,1
SW,15,SW,Smurfit Westrock,Materials,Paper & Plastic Packaging Products & Materials,1842,0.09911174692195424,0.4592845783134439,0.0368,0.062311746921954236,0.1356713241946236,True,1
PWR,16,PWR,Quanta Services,Industrials,Construction & Engineering,1842,0.5504997671960754,0.3619155443202955,0.0368,0.5136997671960755,1.4193912785946847,True,2
FIX,16,FIX,Comfort Systems USA,Industrials,Construction & Engineering,1842,0.6790621628705564,0.457311813325967,0.0368,0.6422621628705565,1.4044294158934374,False,3
EME,16,EME,Emcor,Industrials,Construction & Engineering,1842,0.4540300880688395,0.35424544744976294,0.0368,0.4172300880688395,1.1777994355961587,False,1
JBL,16,JBL,Jabil,Information Technology,Electronic Manufacturing Services,1842,0.44325293308424185,0.39682877311550735,0.0368,0.40645293308424185,1.0242526767733475,False,2
TT,16,TT,Trane Technologies,Industrials,Building Products,1842,0.32386389708639673,0.2925176447207861,0.0368,0.28706389708639674,0.9813558336298137,False,3
APH,16,APH,Amphenol,Information Technology,Electronic Components,1842,0.3238668130387192,0.30328583614621607,0.0368,0.2870668130387192,0.9465223192959213,False,3
CAT,16,CAT,Caterpillar Inc.,Industrials,Construction Machinery & Heavy Transportation Equipment,1842,0.33557531820059405,0.32158593441013056,0.0368,0.29877531820059405,0.9290683647237964,False,5
ETN,16,ETN,Eaton Corporation,Industrials,Electrical Components & Equipment,1842,0.3110665221262645,0.3239773166378469,0.0368,0.2742665221262645,0.8465608795471603,False,5
CARR,16,CARR,Carrier Global,Industrials,Building Products,1537,0.3423044663847865,0.37513693710789486,0.0368,0.3055044663847865,0.8143811930119773,False,2
CMI,16,CMI,Cummins,Industrials,Construction Machinery & Heavy Transportation Equipment,1842,0.27688324286164834,0.29668723143118225,0.0368,0.24008324286164834,0.8092132637576503,False,2
ARES,16,ARES,Ares Management,Financials,Asset Management & Custody Banks,1842,0.3429174731168785,0.3802187194286177,0.0368,0.3061174731168785,0.8051088951561971,False,1
JCI,16,JCI,Johnson Controls,Industrials,Building Products,1842,0.2654457457179402,0.29206970939098736,0.0368,0.22864574571794022,0.7828464861854508,False,1
HUBB,16,HUBB,Hubbell Incorporated,Industrials,Industrial Machinery & Supplies & Components,1842,0.27632411253042766,0.3096622873463112,0.0368,0.23952411253042766,0.7735010762306861,False,1
PH,16,PH,Parker Hannifin,Industrials,Industrial Machinery & Supplies & Components,1842,0.29559720017976665,0.3438909425685418,0.0368,0.25879720017976665,0.7525560232752716,False,10
URI,16,URI,United Rentals,Industrials,Trading Companies & Distributors,1842,0.3590488345841243,0.43963517037489774,0.0368,0.3222488345841243,0.7329914808893189,False,1
GLW,16,GLW,Corning Inc.,Information Technology,Electronic Components,1842,0.2944338733918721,0.35511851462143,0.0368,0.2576338733918721,0.7254870213301036,False,1
GWW,16,GWW,W. W. Grainger,Industrials,Industrial Machinery & Supplies & Components,1842,0.23154806322722754,0.27946683793115773,0.0368,0.19474806322722754,0.6968557152215701,False,1
CRH,16,CRH,CRH plc,Materials,Construction Materials,1842,0.2602428364288647,0.3300636486211511,0.0368,0.2234428364288647,0.6769689342110303,False,2
KEYS,16,KEYS,Keysight Technologies,Information Technology,Electronic Equipment & Instruments,1842,0.2696180136742279,0.3453220513205707,0.0368,0.23281801367422789,0.6742054635198995,False,1
FAST,16,FAST,Fastenal,Industrials,Trading Companies & Distributors,1842,0.21793317676619917,0.2750394319234284,0.0368,0.18113317676619917,0.6585716655225897,False,2
LIN,16,LIN,Linde plc,Materials,Industrial Gases,1842,0.1946538112637699,0.24015495118125155,0.0368,0.1578538112637699,0.6572998411539444,False,2
GRMN,16,GRMN,Garmin,Consumer Discretionary,Consumer Electronics,1842,0.23601599407748353,0.3038680313818552,0.0368,0.19921599407748353,0.6556003708963353,False,1
WSM,16,WSM,"Williams-Sonoma, Inc.",Consumer Discretionary,Homefurnishing Retail,1842,0.3401239648768075,0.47344675894111415,0.0368,0.3033239648768075,0.6406717527335191,False,1
PCAR,16,PCAR,Paccar,Industrials,Construction Machinery & Heavy Transportation Equipment,1842,0.20753978238814663,0.27121679550991196,0.0368,0.17073978238814663,0.6295324818182462,False,1
ODFL,16,ODFL,Old Dominion,Industrials,Cargo Ground Transportation,1842,0.2575325262817907,0.3531881368356044,0.0368,0.2207325262817907,0.6249715187476221,False,2
APO,16,APO,Apollo Global Management,Financials,Asset Management & Custody Banks,1842,0.2943714934037329,0.41230328806859873,0.0368,0.2575714934037329,0.6247136534134997,False,1
AME,16,AME,Ametek,Industrials,Electrical Components & Equipment,1842,0.19246737293517668,0.2601551849931193,0.0368,0.15566737293517668,0.5983635226770277,False,3
TJX,16,TJX,TJX Companies,Consumer Discretionary,Apparel Retail,1842,0.20382564036807893,0.2803517590040588,0.0368,0.16702564036807893,0.5957716868316878,False,2
KKR,16,KKR,KKR & Co.,Financials,Asset Management & Custody Banks,1842,0.27184593690034475,0.397082975472307,0.0368,0.23504593690034475,0.5919315392979801,False,3
BX,16,BX,Blackstone Inc.,Financials,Asset Management & Custody Banks,1842,0.2604459690212364,0.3907366429171943,0.0368,0.2236459690212364,0.572370093962833,False,2
TDG,16,TDG,TransDigm Group,Industrials,Aerospace & Defense,1842,0.23174224623804407,0.36675425781065,0.0368,0.19494224623804407,0.5315336961641765,False,1
DOV,16,DOV,Dover Corporation,Industrials,Industrial Machinery & Supplies & Components,1842,0.18678899758427625,0.2824624007913427,0.0368,0.14998899758427625,0.5310051786151685,False,8
PHM,16,PHM,PulteGroup,Consumer Discretionary,Homebuilding,1842,0.24641013446188031,0.3968225307289596,0.0368,0.20961013446188032,0.5282213539559568,False,3
BLDR,16,BLDR,Builders FirstSource,Industrials,Building Products,1842,0.3006496843178186,0.5041867105566065,0.0368,0.2638496843178186,0.5233174115726626,False,3
WAB,16,WAB,Wabtec,Industrials,Construction Machinery & Heavy Transportation Equipment,1842,0.2065893460441548,0.3277894599627477,0.0368,0.1697893460441548,0.5179829335069249,False,1
DHI,16,DHI,D. R. Horton,Consumer Discretionary,Homebuilding,1842,0.23583451493055496,0.38668249235413205,0.0368,0.19903451493055496,0.5147233683087853,False,2
IR,16,IR,Ingersoll Rand,Industrials,Industrial Machinery & Supplies & Components,1842,0.2117450845274591,0.34142515523453437,0.0368,0.1749450845274591,0.5123965877888654,False,1
MLM,16,MLM,Martin Marietta Materials,Materials,Construction Materials,1842,0.1992840460841121,0.3178115145739156,0.0368,0.1624840460841121,0.5112591540364787,False,1
BLK,16,BLK,BlackRock,Financials,Asset Management & Custody Banks,1842,0.17769565311915447,0.29696893093469506,0.0368,0.14089565311915447,0.4744457700530906,False,3
PKG,16,PKG,Packaging Corporation of America,Materials,Paper & Plastic Packaging Products & Materials,1842,0.169799915805684,0.28455061141514076,0.0368,0.132999915805684,0.46740337384707215,False,2
SNA,16,SNA,Snap-on,Industrials,Industrial Machinery & Supplies & Components,1842,0.17080920112008657,0.287494486196639,0.0368,0.13400920112008657,0.4661279000266727,False,1
DECK,16,DECK,Deckers Brands,Consumer Discretionary,Footwear,1842,0.23801414882332983,0.44654713435234616,0.0368,0.20121414882332983,0.45060002258252685,False,1
TDY,16,TDY,Teledyne Technologies,Information Technology,Electronic Equipment & Instruments,1842,0.16858966160962607,0.292520293262734,0.0368,0.13178966160962607,0.45053168838189317,False,1
VMC,16,VMC,Vulcan Materials Company,Materials,Construction Materials,1842,0.17529225105332658,0.30799562653918067,0.0368,0.13849225105332658,0.44965655067738025,False,2
TEL,16,TEL,TE Connectivity,Information Technology,Electronic Manufacturing Services,1842,0.16971785840010334,0.3064423077697736,0.0368,0.13291785840010334,0.4337451292788296,False,7
CBRE,16,CBRE,CBRE Group,Real Estate,Real Estate Services,1842,0.19070118767557664,0.3552778433946789,0.0368,0.15390118767557665,0.43318543651653363,False,1
GNRC,16,GNRC,Generac,Industrials,Electrical Components & Equipment,1842,0.24825218680060157,0.49611905001044415,0.0368,0.21145218680060157,0.4262125931188293,False,1
J,16,J,Jacobs Solutions,Industrials,Construction & Engineering,1842,0.15401720778406203,0.2795607013956454,0.0368,0.11721720778406203,0.41929072004355716,False,1
LOW,16,LOW,Lowe's,Consumer Discretionary,Home Improvement Retail,1842,0.16015301274514226,0.3062939289141134,0.0368,0.12335301274514227,0.4027275799506009,False,3
ROK,16,ROK,Rockwell Automation,Industrials,Electrical Components & Equipment,1842,0.1664573154178013,0.33657714738298944,0.0368,0.1296573154178013,0.38522316926723754,False,1
SHW,16,SHW,Sherwin-Williams,Materials,Specialty Chemicals,1842,0.14148674390965232,0.281715719718472,0.0368,0.10468674390965232,0.3716041973599106,False,1
JBHT,16,JBHT,J.B. Hunt,Industrials,Cargo Ground Transportation,1842,0.15655552444194232,0.3229373236928186,0.0368,0.11975552444194232,0.3708320954435575,False,2
ITW,16,ITW,Illinois Tool Works,Industrials,Industrial Machinery & Supplies & Components,1842,0.13034955683869032,0.25238020104349573,0.0368,0.09354955683869032,0.3706691588797324,False,13
NDSN,16,NDSN,Nordson Corporation,Industrials,Industrial Machinery & Supplies & Components,1842,0.14231131118896645,0.2932049363769604,0.0368,0.10551131118896645,0.3598551664673043,False,1
EMR,16,EMR,Emerson Electric,Industrials,Electrical Components & Equipment,1842,0.14894782951025487,0.312500490229104,0.0368,0.11214782951025487,0.3588724914576478,False,4
ROST,16,ROST,Ross Stores,Consumer Discretionary,Apparel Retail,1842,0.15832059086873485,0.33864985883226656,0.0368,0.12152059086873485,0.35883845127756,False,2
MAS,16,MAS,Masco,Industrials,Building Products,1842,0.14799481228568623,0.3112271826403471,0.0368,0.11119481228568623,0.3572786006104824,False,4
LII,16,LII,Lennox International,Industrials,Building Products,1842,0.1472185637555341,0.3154921230458085,0.0368,0.1104185637555341,0.34998833786890354,False,1
EXPD,16,EXPD,Expeditors International,Industrials,Air Freight & Logistics,1842,0.1266165188118864,0.2636651651748785,0.0368,0.0898165188118864,0.3406461325761965,False,3
CSX,16,CSX,CSX Corporation,Industrials,Rail Transportation,1842,0.128323266424621,0.2749112203051963,0.0368,0.091523266424621,0.33291935601251643,False,1
CHRW,16,CHRW,C.H. Robinson,Industrials,Air Freight & Logistics,1842,0.13791827848099936,0.31075525676711724,0.0368,0.10111827848099936,0.3253952307451336,False,1
NSC,16,NSC,Norfolk Southern,Industrials,Rail Transportation,1842,0.13047136742510523,0.28968545753855496,0.0368,0.09367136742510523,0.3233554359995385,False,2
FDX,16,FDX,FedEx,Industrials,Air Freight & Logistics,1842,0.1510793595650204,0.3561472112242111,0.0368,0.11427935956502039,0.3208767497355925,False,1
UNP,16,UNP,Union Pacific Corporation,Industrials,Rail Transportation,1842,0.11982780564858975,0.26436888904416733,0.0368,0.08302780564858975,0.31406042499470704,False,2
HD,16,HD,Home Depot (The),Consumer Discretionary,Home Improvement Retail,1842,0.11934936395642404,0.26773265911398536,0.0368,0.08254936395642404,0.3083275840519673,False,3
NVR,16,NVR,"NVR, Inc.",Consumer Discretionary,Homebuilding,1842,0.13853692387996897,0.3387070591508857,0.0368,0.10173692387996897,0.3003684781032203,False,1
APD,16,APD,Air Products,Materials,Industrial Gases,1842,0.11804061617926442,0.28373039986784176,0.0368,0.08124061617926442,0.28633031996960967,False,1
OTIS,16,OTIS,Otis Worldwide,Industrials,Industrial Machinery & Supplies & Components,1537,0.10924095781542897,0.25388844843651676,0.0368,0.07244095781542897,0.28532593058696165,False,1
PNR,16,PNR,Pentair,Industrials,Industrial Machinery & Supplies & Components,1842,0.12531326238493135,0.3172800278107068,0.0368,0.08851326238493135,0.27897520999254155,False,1
LEN,16,LEN,Lennar,Consumer Discretionary,Homebuilding,1842,0.1368695339880075,0.40412229210578265,0.0368,0.1000695339880075,0.24762191035433748,False,1
HON,16,HON,Honeywell,Industrials,Industrial Conglomerates,1842,0.09930828716535234,0.25588827782341933,0.0368,0.06250828716535234,0.24427960396250506,False,1
AVY,16,AVY,Avery Dennison,Materials,Paper & Plastic Packaging Products & Materials,1842,0.10457802367154434,0.289514370239255,0.0368,0.06777802367154434,0.23410935911586184,False,3
IEX,16,IEX,IDEX Corporation,Industrials,Industrial Machinery & Supplies & Components,1842,0.09116650041487273,0.2590820993914011,0.0368,0.05436650041487273,0.20984275078279357,False,1
ECL,16,ECL,Ecolab,Materials,Specialty Chemicals,1842,0.09495969783394709,0.2777637208602557,0.0368,0.05815969783394709,0.20938550813555498,False,3
ALB,16,ALB,Albemarle Corporation,Materials,Specialty Chemicals,1842,0.14575446242437828,0.5335054494020688,0.0368,0.10895446242437828,0.20422371045411067,False,1
XYL,16,XYL,Xylem Inc.,Industrials,Industrial Machinery & Supplies & Components,1842,0.09337814789746268,0.2913229330245553,0.0368,0.05657814789746268,0.19421110212663473,False,1
TXT,16,TXT,Textron,Industrials,Aerospace & Defense,1842,0.10668292026430981,0.35997704552403254,0.0368,0.06988292026430981,0.19413160125968182,False,3
TRMB,16,TRMB,Trimble Inc.,Information Technology,Application Software,1842,0.10534553241531786,0.3561822126807683,0.0368,0.06854553241531786,0.19244513053983536,False,4
SBUX,16,SBUX,Starbucks,Consumer Discretionary,Restaurants,1842,0.09502520360626998,0.32309203478723786,0.0368,0.05822520360626998,0.18021243898696657,False,2
ULTA,16,ULTA,Ulta Beauty,Consumer Discretionary,Other Specialty Retail,1842,0.11059536926340274,0.40963900009950466,0.0368,0.07379536926340274,0.1801473229977547,False,1
IVZ,16,IVZ,Invesco,Financials,Asset Management & Custody Banks,1842,0.11435830480504605,0.43082759563439915,0.0368,0.07755830480504605,0.18002167361364227,False,2
ALLE,16,ALLE,Allegion,Industrials,Building Products,1842,0.08809935335276942,0.2877559063405064,0.0368,0.05129935335276942,0.17827385024050915,False,1
CDW,16,CDW,CDW Corporation,Information Technology,Technology Distributors,1842,0.09097544193244556,0.31817296392042405,0.0368,0.054175441932445556,0.17027041287516492,False,1
AOS,16,AOS,A. O. Smith,Industrials,Building Products,1842,0.06663541672575368,0.28769455090457235,0.0368,0.029835416725753683,0.10370518535003474,False,1
POOL,16,POOL,Pool Corporation,Consumer Discretionary,Distributors,1842,0.06373278393451298,0.3454872225323471,0.0368,0.026932783934512983,0.07795594794244912,False,2
HAS,16,HAS,Hasbro,Consumer Discretionary,Leisure Products,1842,0.06219779711235729,0.36120346499540834,0.0368,0.02539779711235729,0.07031437838692979,False,1
UPS,16,UPS,United Parcel Service,Industrials,Air Freight & Logistics,1842,0.05684930651921083,0.29689810694773394,0.0368,0.02004930651921083,0.06752925010310126,False,2
TROW,16,TROW,T. Rowe Price,Financials,Asset Management & Custody Banks,1842,0.05816600219237955,0.32469043419300037,0.0368,0.021366002192379552,0.06580422440064654,False,3
BALL,16,BALL,Ball Corporation,Materials,"Metal, Glass & Plastic Containers",1842,0.05612862986683109,0.3053745063381196,0.0368,0.019328629866831093,0.06329483786518142,False,1
BBY,16,BBY,Best Buy,Consumer Discretionary,Computer & Electronics Retail,1842,0.05729800882885394,0.38752130626983733,0.0368,0.020498008828853942,0.05289517891586804,False,3
FTV,16,FTV,Fortive,Industrials,Industrial Machinery & Supplies & Components,1842,0.05190061076181851,0.28580415989104524,0.0368,0.015100610761818511,0.052835517746050976,False,1
ZBRA,16,ZBRA,Zebra Technologies,Information Technology,Electronic Equipment & Instruments,1842,0.05235141458270154,0.4073552658166407,0.0368,0.01555141458270154,0.0381765399583703,False,1
BEN,16,BEN,Franklin Resources,Financials,Asset Management & Custody Banks,1842,0.04954068756406205,0.35529414545735544,0.0368,0.012740687564062048,0.035859548284032344,False,2
GPC,16,GPC,Genuine Parts Company,Consumer Discretionary,Distributors,1842,0.04530065587423948,0.30611509144539323,0.0368,0.008500655874239482,0.027769476617770357,False,3
PPG,16,PPG,PPG Industries,Materials,Specialty Chemicals,1842,0.02885080559647779,0.2930746532398608,0.0368,-0.007949194403522208,-0.027123445564623278,False,4
MMM,16,MMM,3M,Industrials,Industrial Conglomerates,1842,0.02313136440699637,0.289556093453522,0.0368,-0.01366863559300363,-0.047205484194714924,False,1
LULU,16,LULU,Lululemon Athletica,Consumer Discretionary,"Apparel, Accessories & Luxury Goods",1842,0.014917478102577375,0.4166408496080003,0.0368,-0.021882521897422624,-0.05252130682339708,False,1
IP,16,IP,International Paper,Materials,Paper & Plastic Packaging Products & Materials,1842,0.012968942251430304,0.34532508048212346,0.0368,-0.023831057748569695,-0.06901050371232263,False,1
AMCR,16,AMCR,Amcor,Materials,Paper & Plastic Packaging Products & Materials,1842,0.016608106452279836,0.2861847388844424,0.0368,-0.020191893547720163,-0.07055545179113615,False,1
ALGN,16,ALGN,Align Technology,Health Care,Health Care Supplies,1842,-0.01734835005061164,0.5250052368824082,0.0368,-0.05414835005061164,-0.10313868557227344,False,1
SWK,16,SWK,Stanley Black & Decker,Industrials,Industrial Machinery & Supplies & Components,1842,-0.028314171085966566,0.4059102524637482,0.0368,-0.06511417108596657,-0.1604151920054838,False,4
EL,16,EL,Estée Lauder Companies (The),Consumer Staples,Personal Care Products,1842,-0.0512868766541964,0.4029348867280162,0.0368,-0.0880868766541964,-0.21861317933896263,False,1
NKE,16,NKE,"Nike, Inc.",Consumer Discretionary,"Apparel, Accessories & Luxury Goods",1842,-0.05421922415820457,0.345433336698447,0.0368,-0.09101922415820457,-0.26349287833114277,False,4
IFF,16,IFF,International Flavors & Fragrances,Materials,Specialty Chemicals,1842,-0.06075139229881299,0.3266799479448652,0.0368,-0.09755139229881299,-0.2986145703539693,False,1
HWM,17,HWM,Howmet Aerospace,Industrials,Aerospace & Defense,1842,0.4755774291107142,0.4050224096948885,0.0368,0.4387774291107142,1.0833411154737191,True,4
GS,17,GS,Goldman Sachs,Financials,Investment Banking & Brokerage,1842,0.2891455520607171,0.31713650807109633,0.0368,0.2523455520607171,0.795700102758733,False,1
GE,17,GE,GE Aerospace,Industrials,Aerospace & Defense,1842,0.3232140866087374,0.3849026281878249,0.0368,0.2864140866087374,0.7441208909308173,False,1
MS,17,MS,Morgan Stanley,Financials,Investment Banking & Brokerage,1842,0.27809351205710753,0.3346223235128255,0.0368,0.24129351205710753,0.7210920942871857,False,2
IBKR,17,IBKR,Interactive Brokers,Financials,Investment Banking & Brokerage,1842,0.2859391406923173,0.354458564714783,0.0368,0.2491391406923173,0.7028723960804515,False,1
HLT,17,HLT,Hilton Worldwide,Consumer Discretionary,"Hotels, Resorts & Cruise Lines",1842,0.23538005759022362,0.31150315235675735,0.0368,0.19858005759022362,0.6374897206908342,False,2
AMP,17,AMP,Ameriprise Financial,Financials,Asset Management & Custody Banks,1842,0.24614253815174325,0.36171575248357424,0.0368,0.20934253815174325,0.5787487459818318,False,6
JPM,17,JPM,JPMorgan Chase,Financials,Diversified Banks,1842,0.2045846098650892,0.29668680110369117,0.0368,0.1677846098650892,0.5655277189309442,False,1
BK,17,BK,BNY Mellon,Financials,Asset Management & Custody Banks,1842,0.187617062404827,0.2907137971898714,0.0368,0.150817062404827,0.5187819218168209,False,1
RJF,17,RJF,Raymond James Financial,Financials,Investment Banking & Brokerage,1842,0.19086171675379493,0.3296608842373452,0.0368,0.15406171675379493,0.46733393047285365,False,3
AXP,17,AXP,American Express,Financials,Consumer Finance,1842,0.19715516105245579,0.35092726030331267,0.0368,0.16035516105245579,0.45694700637920793,False,3
TPR,17,TPR,"Tapestry, Inc.",Consumer Discretionary,"Apparel, Accessories & Luxury Goods",1842,0.2486800857255249,0.48475386865336556,0.0368,0.2118800857255249,0.4370879727357775,False,2
MAR,17,MAR,Marriott International,Consumer Discretionary,"Hotels, Resorts & Cruise Lines",1842,0.1901929071764119,0.3604069506504758,0.0368,0.1533929071764119,0.4256102910877904,False,6
RL,17,RL,Ralph Lauren Corporation,Consumer Discretionary,"Apparel, Accessories & Luxury Goods",1842,0.20569846781673484,0.40635448817517744,0.0368,0.16889846781673484,0.41564317051156463,False,2
SYF,17,SYF,Synchrony Financial,Financials,Consumer Finance,1842,0.19915814171389945,0.42640583970528567,0.0368,0.16235814171389945,0.38075965804341416,False,2
NWS,17,NWS,News Corp (Class B),Communication Services,Publishing,1842,0.1545146048648991,0.31279787504488676,0.0368,0.1177146048648991,0.37632801964529633,False,1
PFG,17,PFG,Principal Financial Group,Financials,Life & Health Insurance,1842,0.1631086686408163,0.34642591596024347,0.0368,0.1263086686408163,0.3646051372649376,False,2
C,17,C,Citigroup,Financials,Diversified Banks,1842,0.16847843764024595,0.36319063335767476,0.0368,0.13167843764024595,0.3625601145681732,False,2
STT,17,STT,State Street Corporation,Financials,Asset Management & Custody Banks,1842,0.16391214266663479,0.35467780557921547,0.0368,0.1271121426666348,0.35838764271999235,False,3
LYV,17,LYV,Live Nation Entertainment,Communication Services,Movies & Entertainment,1842,0.17554254940328784,0.4167734856619139,0.0368,0.13874254940328784,0.3328967752901527,False,2
NWSA,17,NWSA,News Corp (Class A),Communication Services,Publishing,1842,0.13455945063097752,0.30910908212670585,0.0368,0.09775945063097752,0.3162619809110147,False,3
BAC,17,BAC,Bank of America,Financials,Diversified Banks,1842,0.13832200599061917,0.32696420594338477,0.0368,0.10152200599061917,0.3104988379315078,False,5
RF,17,RF,Regions Financial Corporation,Financials,Regional Banks,1842,0.15107386635058218,0.3878079365505344,0.0368,0.11427386635058218,0.29466613645667716,False,2
MET,17,MET,MetLife,Financials,Life & Health Insurance,1842,0.13131713847439141,0.32165176491082553,0.0368,0.09451713847439142,0.2938492767188617,False,4
CFG,17,CFG,Citizens Financial Group,Financials,Regional Banks,1842,0.15830543468795244,0.4168097961349726,0.0368,0.12150543468795244,0.29151290544190134,False,5
PNC,17,PNC,PNC Financial Services,Financials,Diversified Banks,1842,0.131045857395111,0.32369274686697874,0.0368,0.09424585739511099,0.29115838494163493,False,1
SATS,17,SATS,EchoStar,Communication Services,Wireless Telecommunication Services,1842,0.21242089516006435,0.6111092632252576,0.0368,0.17562089516006435,0.2873805156105606,False,1
NTRS,17,NTRS,Northern Trust,Financials,Asset Management & Custody Banks,1842,0.13092563816695035,0.32856876512209077,0.0368,0.09412563816695035,0.2864716557338456,False,1
FITB,17,FITB,Fifth Third Bancorp,Financials,Regional Banks,1842,0.14999222569075932,0.3958819752254105,0.0368,0.11319222569075932,0.28592417127935416,False,5
BKNG,17,BKNG,Booking Holdings,Consumer Discretionary,"Hotels, Resorts & Cruise Lines",1842,0.1352978166554999,0.35020710277825023,0.0368,0.09849781665549989,0.281255907930195,False,1
COF,17,COF,Capital One,Financials,Consumer Finance,1842,0.15221304971566796,0.41129332158046433,0.0368,0.11541304971566796,0.2806100747568031,False,3
SCHW,17,SCHW,Charles Schwab Corporation,Financials,Investment Banking & Brokerage,1842,0.13149405695017147,0.3559350321228854,0.0368,0.09469405695017147,0.26604309327292813,False,1
GM,17,GM,General Motors,Consumer Discretionary,Automobile Manufacturers,1842,0.13336438893194935,0.3987674683161372,0.0368,0.09656438893194935,0.24215713819311477,False,2
WFC,17,WFC,Wells Fargo,Financials,Diversified Banks,1842,0.11006419682688606,0.35381206369623636,0.0368,0.07326419682688606,0.20707094060474626,False,1
RCL,17,RCL,Royal Caribbean Group,Consumer Discretionary,"Hotels, Resorts & Cruise Lines",1842,0.1557076075016388,0.5965895851672586,0.0368,0.11890760750163881,0.1993122415442471,False,2
F,17,F,Ford Motor Company,Consumer Discretionary,Automobile Manufacturers,1842,0.11346811718548544,0.4056793936145609,0.0368,0.07666811718548544,0.18898696456425984,False,1
EXPE,17,EXPE,Expedia Group,Consumer Discretionary,"Hotels, Resorts & Cruise Lines",1842,0.120867489944672,0.4827668660219218,0.0368,0.084067489944672,0.17413682640940525,False,3
FOXA,17,FOXA,Fox Corporation (Class A),Communication Services,Broadcasting,1795,0.08917433575372713,0.3200368634226027,0.0368,0.05237433575372713,0.1636509469365965,False,1
KEY,17,KEY,KeyCorp,Financials,Regional Banks,1842,0.10498777957523542,0.43875172419726527,0.0368,0.06818777957523542,0.15541313187997366,False,1
HBAN,17,HBAN,Huntington Bancshares,Financials,Regional Banks,1842,0.09360673564064581,0.37345311563310496,0.0368,0.05680673564064581,0.1521120945646494,False,3
MTB,17,MTB,M&T Bank,Financials,Regional Banks,1842,0.09115112108392642,0.36351212023475354,0.0368,0.054351121083926424,0.1495166682443129,False,1
PRU,17,PRU,Prudential Financial,Financials,Life & Health Insurance,1842,0.07613089693975272,0.34498411288670366,0.0368,0.039330896939752724,0.11400784984168066,False,5
FOX,17,FOX,Fox Corporation (Class B),Communication Services,Broadcasting,1794,0.06918447019614216,0.3110265493992338,0.0368,0.03238447019614216,0.10412124064230105,False,3
HST,17,HST,Host Hotels & Resorts,Real Estate,Hotel & Resort REITs,1842,0.07444077955693951,0.3735200775765497,0.0368,0.03764077955693951,0.10077310917570517,False,2
USB,17,USB,U.S. Bancorp,Financials,Diversified Banks,1842,0.07089620423711596,0.33848505049365707,0.0368,0.03409620423711596,0.10073178767389873,False,1
TFC,17,TFC,Truist Financial,Financials,Diversified Banks,1842,0.06573105683347147,0.37300497811694944,0.0368,0.02893105683347147,0.07756211989321124,False,1
MGM,17,MGM,MGM Resorts,Consumer Discretionary,Casinos & Gaming,1842,0.06311067102654966,0.4994810588165319,0.0368,0.02631067102654966,0.05267601355873242,False,2
DAL,17,DAL,Delta Air Lines,Industrials,Passenger Airlines,1842,0.053178706290960776,0.4623931487317017,0.0368,0.016378706290960776,0.035421602452125285,False,2
OMC,17,OMC,Omnicom Group,Communication Services,Advertising,1842,0.04585317319001092,0.31069431420784144,0.0368,0.009053173190010921,0.02913852225810199,False,1
UAL,17,UAL,United Airlines Holdings,Industrials,Passenger Airlines,1842,0.011502804778894538,0.5690218924868633,0.0368,-0.025297195221105462,-0.044457332055443693,False,2
WYNN,17,WYNN,Wynn Resorts,Consumer Discretionary,Casinos & Gaming,1842,0.013392167376723663,0.49667663110227384,0.0368,-0.023407832623276337,-0.04712891881248241,False,2
LVS,17,LVS,Las Vegas Sands,Consumer Discretionary,Casinos & Gaming,1842,0.01609302683287428,0.4214805008690643,0.0368,-0.02070697316712572,-0.049129136755862585,False,1
WBD,17,WBD,Warner Bros. Discovery,Communication Services,Broadcasting,1842,0.006791115906174872,0.5167744162598625,0.0368,-0.030008884093825128,-0.05806960087345929,False,2
APTV,17,APTV,Aptiv,Consumer Discretionary,Automotive Parts & Equipment,1842,0.0004927656482793807,0.44192733784551436,0.0368,-0.03630723435172062,-0.08215657019257006,False,2
ABNB,17,ABNB,Airbnb,Consumer Discretionary,"Hotels, Resorts & Cruise Lines",1352,-0.002734003797114526,0.46284918886833937,0.0368,-0.039534003797114525,-0.08541443897476558,False,1
DIS,17,DIS,Walt Disney Company (The),Communication Services,Movies & Entertainment,1842,-0.0018085187132411695,0.3180964736847151,0.0368,-0.03860851871324117,-0.12137361431899568,False,2
LUV,17,LUV,Southwest Airlines,Industrials,Passenger Airlines,1842,-0.01583711299640822,0.40536038053857604,0.0368,-0.05263711299640822,-0.12985263366506786,False,1
BA,17,BA,Boeing,Industrials,Aerospace & Defense,1842,-0.04166609822943512,0.46215561201997485,0.0368,-0.07846609822943512,-0.16978285276354868,False,1
CCL,17,CCL,Carnival,Consumer Discretionary,"Hotels, Resorts & Cruise Lines",1842,-0.07561790304902538,0.656638699475399,0.0368,-0.11241790304902538,-0.17120206764974127,False,3
NCLH,17,NCLH,Norwegian Cruise Line Holdings,Consumer Discretionary,"Hotels, Resorts & Cruise Lines",1842,-0.10720724273725502,0.6975518861125334,0.0368,-0.14400724273725501,-0.20644663946048433,False,1
PSKY,17,PSKY,Paramount Skydance Corporation,Communication Services,Movies & Entertainment,1842,-0.15730401853444442,0.5637430179347668,0.0368,-0.19410401853444442,-0.3443129446561147,False,1
MRNA,18,MRNA,Moderna,Health Care,Biotechnology,1842,0.15727652827831706,0.7200826247022045,0.0368,0.12047652827831706,0.16730931166147917,True,1
GEHC,18,GEHC,GE HealthCare,Health Care,Health Care Equipment,845,0.005124744584086516,0.32812783234727194,0.0368,-0.031675255415913484,-0.09653327847663402,False,1
SOLV,18,SOLV,Solventum,Health Care,Health Care Technology,526,-0.08023537916024326,0.32071988232022225,0.0368,-0.11703537916024326,,False,2
VLTO,18,VLTO,Veralto,Industrials,Environmental & Facilities Services,645,0.05419443288514514,0.2274936792809647,0.0368,0.01739443288514514,,False,1
AAPL,19,AAPL,Apple Inc.,Information Technology,"Technology Hardware, Storage & Peripherals",1842,0.31893881079568986,0.30851781202783474,0.0368,0.28213881079568986,0.9144976393461363,True,1
GOOG,19,GOOG,Alphabet Inc. (Class C),Communication Services,Interactive Media & Services,1842,0.3130906161921061,0.3123944804855308,0.0368,0.2762906161921061,0.8844286101428193,False,1
GOOGL,19,GOOGL,Alphabet Inc. (Class A),Communication Services,Interactive Media & Services,1842,0.31310199048491527,0.3136386846065441,0.0368,0.27630199048491527,0.8809563489641998,False,2
PLTR,19,PLTR,Palantir Technologies,Information Technology,Application Software,1402,0.6306195846967007,0.6998292602966898,0.0368,0.5938195846967007,0.8485206583745202,False,5
CDNS,19,CDNS,Cadence Design Systems,Information Technology,Application Software,1842,0.32481110063634766,0.36437644819711873,0.0368,0.28801110063634766,0.7904218345103927,False,1
TSLA,19,TSLA,"Tesla, Inc.",Consumer Discretionary,Automobile Manufacturers,1842,0.4911193052756633,0.63385866906238,0.0368,0.4543193052756633,0.716751742068471,False,1
MSFT,19,MSFT,Microsoft,Information Technology,Systems Software,1842,0.2240575312948334,0.2861447508608784,0.0368,0.1872575312948334,0.6544153989596571,False,6
SNPS,19,SNPS,Synopsys,Information Technology,Application Software,1842,0.2733853977363023,0.3894003066369984,0.0368,0.23658539773630233,0.6075634602847112,False,4
PANW,19,PANW,Palo Alto Networks,Information Technology,Systems Software,1842,0.2749196514782142,0.39544840163331607,0.0368,0.23811965147821418,0.6021510024941592,False,1
FTNT,19,FTNT,Fortinet,Information Technology,Systems Software,1842,0.2824620008156755,0.42920976371164704,0.0368,0.24566200081567552,0.5723588361347643,False,2
APP,19,APP,AppLovin,Information Technology,Application Software,1267,0.47411481366186337,0.7764471901929713,0.0368,0.43731481366186337,0.5632254442870442,False,1
CRWD,19,CRWD,CrowdStrike,Information Technology,Systems Software,1731,0.34920133744277204,0.5586574133657918,0.0368,0.31240133744277204,0.559200200281279,False,1
CMG,19,CMG,Chipotle Mexican Grill,Consumer Discretionary,Restaurants,1842,0.20084118722083666,0.3515982089282714,0.0368,0.16404118722083666,0.466558654325518,False,1
META,19,META,Meta Platforms,Communication Services,Interactive Media & Services,1842,0.23028800144683537,0.41924036986666086,0.0368,0.19348800144683537,0.46152044353069843,False,1
AMZN,19,AMZN,Amazon,Consumer Discretionary,Broadline Retail,1842,0.18643908507020535,0.3405614791751023,0.0368,0.14963908507020535,0.4393893444222071,False,3
CVNA,19,CVNA,Carvana,Consumer Discretionary,Automotive Retail,1842,0.4073231261623007,1.042725558613013,0.0368,0.3705231261623007,0.35534098411777115,False,1
NFLX,19,NFLX,Netflix,Communication Services,Movies & Entertainment,1842,0.18764092508256458,0.4251641551620205,0.0368,0.15084092508256458,0.3547827897793559,False,1
DDOG,19,DDOG,Datadog,Information Technology,Application Software,1662,0.22044236331737688,0.5872904610478368,0.0368,0.18364236331737688,0.312694272251118,False,2
NOW,19,NOW,ServiceNow,Information Technology,Systems Software,1842,0.13481686555196326,0.42431564801849536,0.0368,0.09801686555196326,0.23099988418926007,False,10
PODD,19,PODD,Insulet Corporation,Health Care,Health Care Equipment,1842,0.1263728550610832,0.43307809965870503,0.0368,0.0895728550610832,0.2068284106993004,False,1
INTU,19,INTU,Intuit,Information Technology,Application Software,1842,0.11010558468136677,0.3603727929271095,0.0368,0.07330558468136678,0.20341597956367885,False,1
HOOD,19,HOOD,Robinhood Markets,Financials,Investment Banking & Brokerage,1194,0.17313370805267625,0.7401754237358552,0.0368,0.13633370805267625,0.18419107644045388,False,4
TYL,19,TYL,Tyler Technologies,Information Technology,Application Software,1842,0.09037107423036672,0.30968545498232164,0.0368,0.05357107423036672,0.17298543851026138,False,1
DXCM,19,DXCM,Dexcom,Health Care,Health Care Equipment,1842,0.10864045582334003,0.47826967212581767,0.0368,0.07184045582334003,0.1502090975244633,False,2
ADSK,19,ADSK,Autodesk,Information Technology,Application Software,1842,0.0895672133921741,0.3666526380293084,0.0368,0.052767213392174106,0.14391608819668755,False,3
PTC,19,PTC,PTC Inc.,Information Technology,Application Software,1842,0.0740705968415385,0.34368379324790516,0.0368,0.037270596841538495,0.10844444100584795,False,2
TTD,19,TTD,Trade Desk (The),Communication Services,Advertising,1842,0.1074916724777697,0.6821265962174103,0.0368,0.0706916724777697,0.10363424160526141,False,1
UBER,19,UBER,Uber,Industrials,Passenger Ground Transportation,1753,0.08918839896035169,0.508173731077965,0.0368,0.05238839896035169,0.10309151330829841,False,1
GDDY,19,GDDY,GoDaddy,Information Technology,Internet Services & Infrastructure,1842,0.046343907846816634,0.3555488803301446,0.0368,0.009543907846816635,0.026842744766780443,False,1
CRM,19,CRM,Salesforce,Information Technology,Application Software,1842,0.04282955348872863,0.37544177305107723,0.0368,0.006029553488728634,0.016059889765938057,False,1
XYZ,19,XYZ,"Block, Inc.",Financials,Transaction & Payment Processing Services,1842,0.031883842126520845,0.5999886688035043,0.0368,-0.0049161578734791544,-0.00819375119747335,False,5
ADBE,19,ADBE,Adobe Inc.,Information Technology,Application Software,1842,0.012974671000488547,0.36178741030570444,0.0368,-0.023825328999511453,-0.06585449996554452,False,4
DASH,19,DASH,DoorDash,Consumer Discretionary,Specialized Consumer Services,1353,-0.013664745108636689,0.5722316570497604,0.0368,-0.05046474510863669,-0.08818936262424983,False,2
COIN,19,COIN,Coinbase,Financials,Financial Exchanges & Data,1268,-0.10006366986450976,0.856621327210784,0.0368,-0.13686366986450976,-0.15977149472818633,False,1
WDAY,19,WDAY,"Workday, Inc.",Information Technology,Application Software,1842,-0.03199119405246287,0.3973596298785805,0.0368,-0.06879119405246287,-0.17312074221903997,False,1
PYPL,19,PYPL,PayPal,Financials,Transaction & Payment Processing Services,1842,-0.06837743678714903,0.4195707477145296,0.0368,-0.10517743678714903,-0.2506786694736649,False,1
EA,20,EA,Electronic Arts,Communication Services,Interactive Home Entertainment,1842,0.13899585759171496,0.2815051329892238,0.0368,0.10219585759171496,0.36303372697515635,True,1
TTWO,20,TTWO,Take-Two Interactive,Communication Services,Interactive Home Entertainment,1842,0.10378687052870283,0.33844298197576766,0.0368,0.06698687052870284,0.19792660535504636,False,2
DPZ,20,DPZ,Domino's,Consumer Discretionary,Restaurants,1842,0.05846909807514211,0.31491964888674395,0.0368,0.021669098075142113,0.06880833937083129,False,1
STLD,21,STLD,Steel Dynamics,Materials,Steel,1842,0.3442192788768197,0.4168087426388186,0.0368,0.3074192788768197,0.7375547761559569,True,1
WMB,21,WMB,Williams Companies,Energy,Oil & Gas Storage & Transportation,1842,0.24617993696216334,0.32015963103940964,0.0368,0.20937993696216334,0.6539860640218879,False,1
TRGP,21,TRGP,Targa Resources,Energy,Oil & Gas Storage & Transportation,1842,0.3473571563917801,0.5222650538467448,0.0368,0.3105571563917801,0.5946351457068981,False,2
DE,21,DE,Deere & Company,Industrials,Agricultural & Farm Machinery,1842,0.22466726965651995,0.3177390150894238,0.0368,0.18786726965651995,0.591262831237917,False,1
TPL,21,TPL,Texas Pacific Land Corporation,Energy,Oil & Gas Exploration & Production,1842,0.3236015296969563,0.5010358721783356,0.0368,0.2868015296969563,0.5724171573784521,False,1
NUE,21,NUE,Nucor,Materials,Steel,1842,0.2471298596413185,0.3848232151520455,0.0368,0.2103298596413185,0.5465622949962002,False,2
EXE,21,EXE,Expand Energy,Energy,Oil & Gas Exploration & Production,1311,0.21936423213558975,0.34920240370272915,0.0368,0.18256423213558975,0.52280348073149,False,1
MPC,21,MPC,Marathon Petroleum,Energy,Oil & Gas Refining & Marketing,1842,0.25194841255831757,0.43409403643836086,0.0368,0.21514841255831757,0.49562628024922784,False,1
FCX,21,FCX,Freeport-McMoRan,Materials,Copper,1842,0.28047419725690403,0.49849681934284085,0.0368,0.24367419725690403,0.48881795791221944,False,2
KMI,21,KMI,Kinder Morgan,Energy,Oil & Gas Storage & Transportation,1842,0.16893420473711873,0.2907456905480379,0.0368,0.13213420473711873,0.4544665975549072,False,2
VLO,21,VLO,Valero Energy,Energy,Oil & Gas Refining & Marketing,1842,0.2247576988893365,0.4451357990669,0.0368,0.1879576988893365,0.4222479955180781,False,2
CTVA,21,CTVA,Corteva,Materials,Fertilizers & Agricultural Chemicals,1743,0.17499658758040804,0.3276456761531049,0.0368,0.13819658758040804,0.4217866971509504,False,2
BKR,21,BKR,Baker Hughes,Energy,Oil & Gas Equipment & Services,1842,0.21081150001450455,0.4153197899014654,0.0368,0.17401150001450455,0.41898196099874935,False,1
XOM,21,XOM,ExxonMobil,Energy,Integrated Oil & Gas,1842,0.16437764764258378,0.31070165630221985,0.0368,0.12757764764258378,0.41061141791432504,False,1
BG,21,BG,Bunge Global,Consumer Staples,Agricultural Products & Services,1842,0.16030190413523338,0.31867569374087057,0.0368,0.12350190413523338,0.38754729827514955,False,1
CF,21,CF,CF Industries,Materials,Fertilizers & Agricultural Chemicals,1842,0.18731802754665705,0.40403801403987794,0.0368,0.15051802754665705,0.3725343218121084,False,1
ADM,21,ADM,Archer Daniels Midland,Consumer Staples,Agricultural Products & Services,1842,0.11872115586164211,0.2888925298785997,0.0368,0.08192115586164211,0.2835696578795843,False,2
CVX,21,CVX,Chevron Corporation,Energy,Integrated Oil & Gas,1842,0.12605474771711722,0.3193722312726758,0.0368,0.08925474771711722,0.27946934322199324,False,3
PSX,21,PSX,Phillips 66,Energy,Oil & Gas Refining & Marketing,1842,0.1438439278680339,0.3917185757697794,0.0368,0.1070439278680339,0.2732674284278663,False,2
EQT,21,EQT,EQT Corporation,Energy,Oil & Gas Exploration & Production,1842,0.17259815509332976,0.5310096822220721,0.0368,0.13579815509332976,0.2557357420020413,False,2
OKE,21,OKE,Oneok,Energy,Oil & Gas Storage & Transportation,1842,0.14305297469988365,0.428744522172743,0.0368,0.10625297469988365,0.2478235154152567,False,2
DVN,21,DVN,Devon Energy,Energy,Oil & Gas Exploration & Production,1842,0.16409357409919267,0.5311442476072478,0.0368,0.12729357409919267,0.2396591409445506,False,7
COP,21,COP,ConocoPhillips,Energy,Oil & Gas Exploration & Production,1842,0.13369413261564556,0.4047466100760243,0.0368,0.09689413261564556,0.23939455008022364,False,2
FANG,21,FANG,Diamondback Energy,Energy,Oil & Gas Exploration & Production,1842,0.14900782898134923,0.5308275058379534,0.0368,0.11220782898134923,0.21138284611725286,False,2
CTRA,21,CTRA,Coterra,Energy,Oil & Gas Exploration & Production,1842,0.10157638888913834,0.36810952197921265,0.0368,0.06477638888913834,0.1759704246194324,False,2
EOG,21,EOG,EOG Resources,Energy,Oil & Gas Exploration & Production,1842,0.10406472404985756,0.4254745316805595,0.0368,0.06726472404985756,0.15809342050197966,False,2
SLB,21,SLB,Schlumberger,Energy,Oil & Gas Equipment & Services,1842,0.08779526518975911,0.45203032780097163,0.0368,0.05099526518975911,0.11281381370546505,False,1
DD,21,DD,DuPont,Materials,Specialty Chemicals,1842,0.06953869448318484,0.3417660895028522,0.0368,0.03273869448318484,0.09579269415174561,False,4
HAL,21,HAL,Halliburton,Energy,Oil & Gas Equipment & Services,1842,0.08148987134829522,0.5094695609201758,0.0368,0.04468987134829522,0.08771843261367536,False,4
APA,21,APA,APA Corporation,Energy,Oil & Gas Exploration & Production,1842,0.08281794324297764,0.6454101597315653,0.0368,0.046017943242977644,0.07130030810503063,False,1
LYB,21,LYB,LyondellBasell,Materials,Specialty Chemicals,1842,0.04491084516730037,0.39644783328755406,0.0368,0.008110845167300373,0.020458795549570738,False,3
DOW,21,DOW,Dow Inc.,Materials,Commodity Chemicals,1789,0.02594301391018594,0.38681339516589286,0.0368,-0.010856986089814058,-0.028067761420614238,False,2
OXY,21,OXY,Occidental Petroleum,Energy,Oil & Gas Exploration & Production,1842,0.01470036596349078,0.5524285191429629,0.0368,-0.02209963403650922,-0.0400045132912301,False,1
MOS,21,MOS,Mosaic Company (The),Materials,Fertilizers & Agricultural Chemicals,1842,-0.013767496128316181,0.48307887866727117,0.0368,-0.05056749612831618,-0.10467751409008591,False,2
MCK,22,MCK,McKesson Corporation,Health Care,Health Care Distributors,1842,0.32050939844871573,0.28535339127680387,0.0368,0.28370939844871573,0.9942387478882513,True,1
COR,22,COR,Cencora,Health Care,Health Care Distributors,1842,0.2563047175582598,0.26142910479359677,0.0368,0.2195047175582598,0.8396338186276655,False,3
CAH,22,CAH,Cardinal Health,Health Care,Health Care Distributors,1842,0.25646119599042727,0.2926562950871133,0.0368,0.21966119599042727,0.7505773826769794,False,1
UNH,22,UNH,UnitedHealth Group,Health Care,Managed Health Care,1842,0.07605923024086025,0.33265335024628145,0.0368,0.039259230240860254,0.1180184423568694,False,2
CI,22,CI,Cigna,Health Care,Health Care Services,1842,0.07223440839539319,0.32991094173927754,0.0368,0.03543440839539319,0.10740598116747622,False,4
CVS,22,CVS,CVS Health,Health Care,Health Care Services,1842,0.06780871655272747,0.30421728787408175,0.0368,0.031008716552727467,0.10192950167106299,False,1
ELV,22,ELV,Elevance Health,Health Care,Managed Health Care,1842,0.0674035184206252,0.3347197126335048,0.0368,0.030603518420625198,0.09143028410201211,False,3
CNC,22,CNC,Centene Corporation,Health Care,Managed Health Care,1842,-0.006232763350717763,0.4077835533671174,0.0368,-0.04303276335071776,-0.10552844271278501,False,1
HUM,22,HUM,Humana,Health Care,Managed Health Care,1842,-0.016728985978991195,0.37529998745103454,0.0368,-0.053528985978991195,-0.14262986349280155,False,1
LLY,23,LLY,Lilly (Eli),Health Care,Pharmaceuticals,1842,0.3586682297441641,0.3297897421349986,0.0368,0.3218682297441641,0.9759801128453782,True,1
ABBV,23,ABBV,AbbVie,Health Care,Biotechnology,1842,0.1740550665939089,0.25371973485042565,0.0368,0.1372550665939089,0.5409711888388355,False,2
GILD,23,GILD,Gilead Sciences,Health Care,Biotechnology,1842,0.14515677109469372,0.2589310763358035,0.0368,0.10835677109469372,0.4184772744472262,False,1
JNJ,23,JNJ,Johnson & Johnson,Health Care,Pharmaceuticals,1842,0.1134589991478443,0.1910933059141078,0.0368,0.0766589991478443,0.40116004472862493,False,2
VRTX,23,VRTX,Vertex Pharmaceuticals,Health Care,Biotechnology,1842,0.1388470094576375,0.31377520817334614,0.0368,0.1020470094576375,0.32522330254103854,False,3
AMGN,23,AMGN,Amgen,Health Care,Biotechnology,1842,0.11017690482784159,0.2587912350985504,0.0368,0.0733769048278416,0.28353705564989057,False,5
MRK,23,MRK,Merck & Co.,Health Care,Pharmaceuticals,1842,0.09702368525563321,0.24035293425237236,0.0368,0.06022368525563321,0.2505635533136362,False,2
REGN,23,REGN,Regeneron Pharmaceuticals,Health Care,Biotechnology,1842,0.09408593381678942,0.321337004707939,0.0368,0.057285933816789425,0.17827369079031596,False,1
BMY,23,BMY,Bristol Myers Squibb,Health Care,Pharmaceuticals,1842,0.054402400398240625,0.24838505149001744,0.0368,0.017602400398240625,0.07086739033869784,False,3
INCY,23,INCY,Incyte,Health Care,Biotechnology,1842,0.05766643006328254,0.31928547076298397,0.0368,0.020866430063282537,0.0653535220798455,False,1
PFE,23,PFE,Pfizer,Health Care,Pharmaceuticals,1842,-0.01438658506163093,0.2604209433831904,0.0368,-0.05118658506163093,-0.1965532587227964,False,1
BIIB,23,BIIB,Biogen,Health Care,Biotechnology,1842,-0.06292550102933814,0.4456386771679092,0.0368,-0.09972550102933814,-0.2237810722873213,False,1
MSI,24,MSI,Motorola Solutions,Information Technology,Communications Equipment,1842,0.21671164735310522,0.26670190492683776,0.0368,0.17991164735310522,0.6745795362896225,True,1
CTAS,24,CTAS,Cintas,Industrials,Diversified Support Services,1842,0.22745515258003968,0.28400034619223197,0.0368,0.19065515258003968,0.6713201414585266,False,7
NDAQ,24,NDAQ,"Nasdaq, Inc.",Financials,Financial Exchanges & Data,1842,0.19983112130185643,0.26468750491341364,0.0368,0.16303112130185643,0.6159381091872405,False,2
MSCI,24,MSCI,MSCI Inc.,Financials,Financial Exchanges & Data,1842,0.22301393042950624,0.3383868156232446,0.0368,0.18621393042950624,0.5502990123493298,False,2
FICO,24,FICO,Fair Isaac,Information Technology,Application Software,1842,0.26581607609039937,0.41969271215299536,0.0368,0.22901607609039937,0.5456756085078588,False,1
EBAY,24,EBAY,eBay Inc.,Consumer Discretionary,Broadline Retail,1842,0.20774062772576896,0.32521686814834866,0.0368,0.17094062772576896,0.5256204227629234,False,1
MCO,24,MCO,Moody's Corporation,Financials,Financial Exchanges & Data,1842,0.18746742612479417,0.29959078812756873,0.0368,0.15066742612479417,0.50291074390658,False,7
ORCL,24,ORCL,Oracle Corporation,Information Technology,Application Software,1842,0.21607262112791958,0.3801712716981919,0.0368,0.17927262112791958,0.47155751755550707,False,1
IBM,24,IBM,IBM,Information Technology,IT Consulting & Other Services,1842,0.15647467749693678,0.2750173879014427,0.0368,0.11967467749693678,0.4351531312624651,False,1
V,24,V,Visa Inc.,Financials,Transaction & Payment Processing Services,1842,0.14168167771603568,0.25990945844835217,0.0368,0.10488167771603568,0.4035315926637476,False,1
CPRT,24,CPRT,Copart,Industrials,Diversified Support Services,1842,0.15076254159781532,0.28530869218395655,0.0368,0.11396254159781533,0.3994359257878357,False,1
MA,24,MA,Mastercard,Financials,Transaction & Payment Processing Services,1842,0.15043975406230103,0.28599749741059244,0.0368,0.11363975406230103,0.39734527431599886,False,3
SPGI,24,SPGI,S&P Global,Financials,Financial Exchanges & Data,1842,0.14585557978464436,0.27903938224795954,0.0368,0.10905557978464436,0.3908250473681724,False,4
ICE,24,ICE,Intercontinental Exchange,Financials,Financial Exchanges & Data,1842,0.11942279088710839,0.23479572321269832,0.0368,0.08262279088710839,0.3518922310704165,False,2
ADP,24,ADP,Automatic Data Processing,Industrials,Human Resource & Employment Services,1842,0.09243322725909864,0.2572238075878824,0.0368,0.05563322725909864,0.21628335176591748,False,3
BR,24,BR,Broadridge Financial Solutions,Industrials,Data Processing & Outsourced Services,1842,0.08759406308369555,0.2492519809304351,0.0368,0.05079406308369555,0.20378599557799262,False,3
GEN,24,GEN,Gen Digital,Information Technology,Systems Software,1842,0.10278319457785323,0.32439453890243025,0.0368,0.06598319457785323,0.2034041473111831,False,1
VRSN,24,VRSN,Verisign,Information Technology,Internet Services & Infrastructure,1842,0.08861516587025253,0.2684766721087373,0.0368,0.05181516587025253,0.19299690160516653,False,1
EFX,24,EFX,Equifax,Industrials,Research & Consulting Services,1842,0.10027794617466634,0.33120317736257743,0.0368,0.06347794617466634,0.19165862682885815,False,1
VRSK,24,VRSK,Verisk Analytics,Industrials,Research & Consulting Services,1842,0.0836130850587431,0.2577780342792532,0.0368,0.0468130850587431,0.18160230443851577,False,1
PAYX,24,PAYX,Paychex,Industrials,Human Resource & Employment Services,1842,0.08106302662673182,0.27361649616156775,0.0368,0.044263026626731816,0.16177031446450127,False,4
AKAM,24,AKAM,Akamai Technologies,Information Technology,Internet Services & Infrastructure,1842,0.08096620181522352,0.32739334841806655,0.0368,0.044166201815223516,0.13490256301366657,False,1
CPAY,24,CPAY,Corpay,Financials,Transaction & Payment Processing Services,1842,0.0717050242889008,0.3454256719746255,0.0368,0.0349050242889008,0.10104930559841215,False,1
ACN,24,ACN,Accenture,Information Technology,IT Consulting & Other Services,1842,0.04926376108367436,0.2874800038313721,0.0368,0.012463761083674363,0.04335522790303448,False,6
ROP,24,ROP,Roper Technologies,Information Technology,Electronic Equipment & Instruments,1842,0.04714378674909203,0.2455249759512118,0.0368,0.010343786749092032,0.042129264890539864,False,1
JKHY,24,JKHY,Jack Henry & Associates,Financials,Transaction & Payment Processing Services,1842,0.042932368004203525,0.2559970038476791,0.0368,0.006132368004203526,0.023954842877193787,False,1
FDS,24,FDS,FactSet,Financials,Financial Exchanges & Data,1842,0.0317184784056892,0.29324424647564495,0.0368,-0.0050815215943108005,-0.017328631867063213,False,1
IT,24,IT,Gartner,Information Technology,IT Consulting & Other Services,1842,0.024339272920435473,0.3575536648095618,0.0368,-0.012460727079564526,-0.03484994926901753,False,1
EPAM,24,EPAM,EPAM Systems,Information Technology,IT Consulting & Other Services,1842,0.0001375593131747177,0.5060701155224363,0.0368,-0.03666244068682528,-0.0724453777496369,False,1
CSGP,24,CSGP,CoStar Group,Real Estate,Real Estate Services,1842,0.006381038661537941,0.35137510839047487,0.0368,-0.03041896133846206,-0.08657119019557351,False,1
CTSH,24,CTSH,Cognizant,Information Technology,IT Consulting & Other Services,1842,-0.00817696216635988,0.3025449246833437,0.0368,-0.04497696216635988,-0.14866209444245237,False,1
FISV,24,FISV,Fiserv,Financials,Transaction & Payment Processing Services,1842,-0.01924121634658371,0.3514169294092935,0.0368,-0.05604121634658371,-0.15947215872833717,False,1
GPN,24,GPN,Global Payments,Financials,Transaction & Payment Processing Services,1842,-0.039105552354058104,0.37527528856154524,0.0368,-0.0759055523540581,-0.20226632199793665,False,4
FIS,24,FIS,Fidelity National Information Services,Financials,Transaction & Payment Processing Services,1842,-0.08318357022842549,0.33185384841484955,0.0368,-0.11998357022842548,-0.36155545822820884,False,1
HCA,25,HCA,HCA Healthcare,Health Care,Health Care Facilities,1842,0.20204261090732412,0.35173543832750837,0.0368,0.16524261090732412,0.4697923294082844,True,2
DGX,25,DGX,Quest Diagnostics,Health Care,Health Care Services,1842,0.1474453628497865,0.25230482699004075,0.0368,0.11064536284978649,0.43853843055548836,False,1
IDXX,25,IDXX,Idexx Laboratories,Health Care,Health Care Equipment,1842,0.16655012279519132,0.34828110392068845,0.0368,0.12975012279519132,0.3725442504188754,False,5
ISRG,25,ISRG,Intuitive Surgical,Health Care,Health Care Equipment,1842,0.1599382267963343,0.34356012615205034,0.0368,0.1231382267963343,0.3584182721537268,False,5
WST,25,WST,West Pharmaceutical Services,Health Care,Health Care Supplies,1842,0.17102360281565332,0.37723471294647515,0.0368,0.13422360281565332,0.3558092567019355,False,1
DVA,25,DVA,DaVita,Health Care,Health Care Services,1842,0.16284612806567078,0.35698177478020315,0.0368,0.12604612806567078,0.35308841226776494,False,1
LH,25,LH,Labcorp,Health Care,Health Care Services,1842,0.1318531526614748,0.28616468628451214,0.0368,0.0950531526614748,0.33216241282465775,False,2
STE,25,STE,Steris,Health Care,Health Care Equipment,1842,0.11579482099371674,0.27026409694842063,0.0368,0.07899482099371674,0.29228751390086694,False,1
MTD,25,MTD,Mettler Toledo,Health Care,Life Sciences Tools & Services,1842,0.12393735807956618,0.31671577596043243,0.0368,0.08713735807956619,0.2751279370764667,False,1
TMO,25,TMO,Thermo Fisher Scientific,Health Care,Life Sciences Tools & Services,1842,0.11406233699455548,0.28111894646561303,0.0368,0.07726233699455548,0.27483859756142887,False,2
SYK,25,SYK,Stryker Corporation,Health Care,Health Care Equipment,1842,0.11123144596524703,0.28255473307384155,0.0368,0.07443144596524703,0.26342310799584256,False,8
DHR,25,DHR,Danaher Corporation,Health Care,Life Sciences Tools & Services,1842,0.10406633800912357,0.2782746377045149,0.0368,0.06726633800912357,0.24172644177709843,False,2
RMD,25,RMD,ResMed,Health Care,Health Care Equipment,1842,0.09592668758892975,0.3387789094099796,0.0368,0.05912668758892975,0.17452883265934505,False,1
A,25,A,Agilent Technologies,Health Care,Life Sciences Tools & Services,1842,0.08746896704357066,0.2921898203166076,0.0368,0.050668967043570656,0.17341113043797135,False,8
BSX,25,BSX,Boston Scientific,Health Care,Health Care Equipment,1842,0.07194143454378454,0.2812186616036098,0.0368,0.035141434543784544,0.12496124668041396,False,1
WAT,25,WAT,Waters Corporation,Health Care,Life Sciences Tools & Services,1842,0.07364316471516652,0.329500247408949,0.0368,0.03684316471516652,0.11181528695315293,False,1
EW,25,EW,Edwards Lifesciences,Health Care,Health Care Equipment,1842,0.07323886937983382,0.3338312657897639,0.0368,0.036438869379833816,0.10915355484642301,False,1
TECH,25,TECH,Bio-Techne,Health Care,Life Sciences Tools & Services,1842,0.06494551442739493,0.3653069872659914,0.0368,0.028145514427394935,0.0770461978787756,False,1
ABT,25,ABT,Abbott Laboratories,Health Care,Health Care Equipment,1842,0.0548968772645535,0.24935690716015516,0.0368,0.0180968772645535,0.07257419684360446,False,2
ZTS,25,ZTS,Zoetis,Health Care,Pharmaceuticals,1842,0.052814224657274256,0.27905354109765107,0.0368,0.016014224657274256,0.05738764179190362,False,1
UHS,25,UHS,Universal Health Services,Health Care,Health Care Facilities,1842,0.05567841468964696,0.3720352643228075,0.0368,0.01887841468964696,0.050743616264469334,False,3
CRL,25,CRL,Charles River Laboratories,Health Care,Life Sciences Tools & Services,1842,0.05535919314705473,0.41036292353374243,0.0368,0.01855919314705473,0.045226291369689704,False,1
IQV,25,IQV,IQVIA,Health Care,Life Sciences Tools & Services,1842,0.045981635579079194,0.34144702067374605,0.0368,0.009181635579079195,0.026890366654721182,False,3
HSIC,25,HSIC,Henry Schein,Health Care,Health Care Distributors,1842,0.029423708792826853,0.2869807928411402,0.0368,-0.007376291207173147,-0.02570308324172877,False,1
RVTY,25,RVTY,Revvity,Health Care,Health Care Equipment,1842,0.01824802170305828,0.33106685283030435,0.0368,-0.018551978296941718,-0.056036954887933,False,1
MDT,25,MDT,Medtronic,Health Care,Health Care Equipment,1842,0.01578747194447394,0.246115453361489,0.0368,-0.02101252805552606,-0.08537671149264779,False,1
COO,25,COO,Cooper Companies (The),Health Care,Health Care Supplies,1842,-0.0009735000936844651,0.29287834340713575,0.0368,-0.037773500093684464,-0.1289733465924956,False,2
BDX,25,BDX,Becton Dickinson,Health Care,Health Care Equipment,1842,-0.0024733936888632346,0.24951034917989853,0.0368,-0.039273393688863234,-0.15740186255980457,False,2
ZBH,25,ZBH,Zimmer Biomet,Health Care,Health Care Equipment,1842,-0.01572553885149308,0.3014291485570922,0.0368,-0.05252553885149308,-0.1742550085249784,False,1
VTRS,25,VTRS,Viatris,Health Care,Pharmaceuticals,1842,-0.05543335325725318,0.37672584850934343,0.0368,-0.09223335325725318,-0.24482884204046232,False,1
BAX,25,BAX,Baxter International,Health Care,Health Care Equipment,1842,-0.1506204023095037,0.3188026942052076,0.0368,-0.1874204023095037,-0.5878883890136277,False,1
